Publication Years,Publication Years_Count,Document Types,Document Types_Count,Researcher Profiles,Researcher Profiles_Count,Web of Science Categories,Web of Science Categories_Count,Citation Topics Meso,Citation Topics Meso_Count,Citation Topics Micro,Citation Topics Micro_Count,Sustainable Development Goals,Sustainable Development Goals_Count,Web of Science Index,Web of Science Index_Count,Affiliations,Affiliations_Count,Affiliation with Department,Affiliation with Department_Count,Publication Titles,Publication Titles_Count,Languages,Languages_Count,Countries/Regions,Countries/Regions_Count,Publishers,Publishers_Count,Research Areas,Research Areas_Count,Open Access,Open Access_Count,Funding Agencies,Funding Agencies_Count,Conference Titles,Conference Titles_Count,Editors,Editors_Count
2025.0,4.0,Article,67.0,"Cavalcante, Judney Cley",11,Zoology,17.0,3.35 Zoology & Animal Ecology,18.0,3.35.721 Rodent Ecology,7.0,03 Good Health And Well Being,42.0,Science Citation Index Expanded (SCI-EXPANDED),70.0,UNIVERSIDADE FEDERAL DO RIO GRANDE DO NORTE,16,Federal University Of Pernambuco Centre Of Technology And Geosciences School Of Engineering Of Pernambuco,2.0,JOURNAL OF CHEMICAL NEUROANATOMY,5.0,English,67.0,BRAZIL,64.0,Elsevier,22.0,Zoology,18.0,All Open Access,26.0,CONSELHO NACIONAL DE DESENVOLVIMENTO CIENTIFICO E TECNOLOGICO CNPQ,32.0,8TH LATIN AMERICAN SYMPOSIUM ON CHRONOBIOLOGY,1.0,Ebensperger LA,1.0
2024.0,2.0,Review Article,2.0,Jeferson S. Cavalcante,11,Neurosciences,14.0,1.137 Sleep Science & Circadian Systems,8.0,1.261.596 Trypanosoma Biology,6.0,15 Life On Land,27.0,Social Sciences Citation Index (SSCI),2.0,UNIVERSIDADE DE SAO PAULO,12,Federal University Of Pernambuco Department Of Geology,2.0,BRAIN RESEARCH,4.0,Portuguese,4.0,USA,10.0,Wiley,9.0,Neurosciences Neurology,14.0,Gold,21.0,FUNDACAO DE AMPARO A PESQUISA DO ESTADO DE SAO PAULO FAPESP,29.0,,,Hayes LD,1.0
2023.0,1.0,Book Chapters,1.0,"Costa, Miriam S. M. O.",11,Parasitology,12.0,1.261 Parasitology - Trypanosoma & Leishmania,6.0,3.35.693 Primate Behavior,6.0,13 Climate Action,15.0,Book Citation Index – Science (BKCI-S),1.0,FUNDACAO OSWALDO CRUZ,11,Federal University Of Pernambuco Department Of Zoology,2.0,MEMORIAS DO INSTITUTO OSWALDO CRUZ,4.0,,,FRANCE,3.0,Springer Nature,7.0,Parasitology,12.0,Gold-Hybrid,2.0,COORDENACAO DE APERFEICOAMENTO DE PESSOAL DE NIVEL SUPERIOR CAPES,26.0,,,,
2022.0,4.0,Meeting Abstract,1.0,"do Nascimento Junior, Expedito Silva",7,Tropical Medicine,10.0,8.93 Archaeology,6.0,8.93.805 Mammalia,6.0,14 Life Below Water,5.0,Conference Proceedings Citation Index – Science (CPCI-S),1.0,UNIVERSIDADE FEDERAL DA PARAIBA,7,Federal University Of Pernambuco Life Sciences Center,2.0,MAMMALIA,3.0,,,ARGENTINA,2.0,Fundaco Oswaldo Cruz,4.0,Tropical Medicine,10.0,Free to Read,1.0,FUNDACAO CARLOS CHAGAS FILHO DE AMPARO A PESQUISA DO ESTADO DO RIO DE JANEIRO FAPERJ,4.0,,,,
2021.0,8.0,Note,1.0,"Nascimento Jr, Expedito S.",6,Biology,7.0,1.163 Parasitology - General,5.0,1.137.217 Circadian-melatonin,5.0,05 Gender Equality,3.0,,,UNIVERSIDADE FEDERAL DE SERGIPE,6,Universidade De Sao Paulo Departamento De Fisiologia E Biofisica,2.0,ACTA TROPICA,2.0,,,SPAIN,2.0,Public Library Science,3.0,Life Sciences Biomedicine Other Topics,7.0,Green Published,6.0,FUNDACAO DE APOIO A PESQUISA DO DISTRITO FEDERAL FAPDF,3.0,,,,
2020.0,1.0,Proceeding Paper,1.0,"Miglino, Maria Angelica",5,Veterinary Sciences,6.0,1.258 Zoonotic Diseases,4.0,1.163.446 Schistosomiasis,5.0,02 Zero Hunger,1.0,,,UNIVERSIDADE FEDERAL RURAL DO SEMI ARIDO UFERSA,6,Universidade De Sao Paulo Faculdade De Filosofia Ciencias E Letras De Ribeirao Preto,2.0,BIOSCIENCE JOURNAL,2.0,,,DENMARK,1.0,Taylor & Francis,3.0,Veterinary Sciences,6.0,Green Submitted,20.0,FINANCIADORA DE INOVACAO E PESQUISA FINEP,2.0,,,,
2019.0,4.0,,,"de Oliveira, Moacir Franco",5,Biochemistry Molecular Biology,5.0,1.5 Neuroscience,4.0,1.258.227 Tick-borne Pathogens,4.0,,,,,UNIVERSIDADE ESTADUAL PAULISTA,5,Universidade De Sao Paulo Faculdade De Medicina Veterinaria E Zootecnia,2.0,JOURNAL OF PARASITOLOGY,2.0,,,ENGLAND,1.0,Walter De Gruyter,3.0,Biochemistry Molecular Biology,5.0,,,FUNDACAO DE AMPARO A CIENCIA E TECNOLOGIA DO ESTADO DE PERNAMBUCO FACEPE,2.0,,,,
2018.0,8.0,,,"Soares, J. G.",4,Behavioral Sciences,4.0,1.72 Obstetrics & Gynecology,3.0,1.137.868 Sleep And Orexin,3.0,,,,,UNIVERSIDADE FEDERAL DE PERNAMBUCO,5,Museum Of Texas Tech University,1.0,MICROSCOPY RESEARCH AND TECHNIQUE,2.0,,,ITALY,1.0,Revista Pesquisa Veterinaria Brasileira,2.0,Behavioral Sciences,4.0,,,FUNDACAO DE AMPARO A PESQUISA DO ESTADO DE MINAS GERAIS FAPEMIG,2.0,,,,
2016.0,5.0,,,Marcia Chame,4,Paleontology,4.0,1.127 Molecular & Cell Biology - Pharmacology,2.0,1.72.531 Preeclampsia Factors,3.0,,,,,FUNDACAO ZOOBOT RIO GRANDE SUL,3,Paraiba Federal University Centre For Applied And Natural Sciences,1.0,PESQUISA VETERINARIA BRASILEIRA,2.0,,,PORTUGAL,1.0,Univ Chicago Press,2.0,Environmental Sciences Ecology,4.0,,,UNIVERSIDADE FEDERAL DE SERGIPE PROAP CAPES UFS,2.0,,,,
2015.0,4.0,,,"Morais, Paulo Leonardo Araujo De Gois",3,Agronomy,3.0,"1.217 Parasitology - Malaria, Toxoplasmosis & Coccidiosis",2.0,3.35.274 Wildlife Ecology,3.0,,,,,INSTITUT DE RECHERCHE POUR LE DEVELOPPEMENT IRD,3,Texas Tech University College Of Arts And Sciences,1.0,PLOS NEGLECTED TROPICAL DISEASES,2.0,,,URUGUAY,1.0,Univ Federal Uberlandia,2.0,Paleontology,4.0,,,AGENCE NATIONALE DE LA RECHERCHE ANR,1.0,,,,
2014.0,6.0,,,"Kerber, Leonardo",3,Anatomy Morphology,3.0,1.37 Cardiology - General,2.0,1.127.87 Nitric Oxide Roles,2.0,,,,,SMITHSONIAN INSTITUTION,3,Texas Tech University Department Of Biological Sciences,1.0,AMERICAN NATURALIST,1.0,,,,,AMER SOC PARASITOLOGISTS,1.0,Agriculture,3.0,,,ASSOCIACAO CAATINGA,1.0,,,,
2013.0,2.0,,,"Costa, Jane",3,Ecology,3.0,3.220 Smell & Taste Science,2.0,1.217.1038 Toxoplasma Gondii,2.0,,,,,SMITHSONIAN NATIONAL ZOOLOGICAL PARK CONSERVATION BIOLOGY INSTITUTE,3,The University Of Tennessee Knoxville College Of Arts And Sciences,1.0,ANAIS DA ACADEMIA BRASILEIRA DE CIENCIAS,1.0,,,,,Acad Brasileira De Ciencias,1.0,Anatomy Morphology,3.0,,,BRAZILIAN BIODIVERSITY FUND FUNBIO,1.0,,,,
2012.0,3.0,,,"Oliveira, Gleidson",3,Evolutionary Biology,3.0,1.102 Stem Cell Research,1.0,1.5.338 Serotonin Receptors,2.0,,,,,UNIVERSIDADE DO ESTADO DO RIO GRANDE DO NORTE UERN,3,The University Of Tennessee Knoxville Department Of Microbiology,1.0,BEHAVIOURAL PROCESSES,1.0,,,,,Amer Assoc Zoo Veterinarians,1.0,Evolutionary Biology,3.0,,,BRAZILIAN MINISTRY OF HEALTH,1.0,,,,
2011.0,3.0,,,"Assis Neto, Antonio Chaves de",3,Infectious Diseases,3.0,1.186 Chromosome Disorders,1.0,1.5.77 Dopamine And Neuromodulation,2.0,,,,,UNIVERSIDADE FEDERAL DE MINAS GERAIS,3,Universidade De Sao Paulo Departamento De Medicina Veterinaria Preventiva E Saude Animal,1.0,BIOLOGICAL RHYTHM RESEARCH,1.0,,,,,Cambridge Univ Press,1.0,Infectious Diseases,3.0,,,BRAZILIAN MINISTRY OF THE ENVIRONMENT AND CLIMATE CHANGE MMA,1.0,,,,
2010.0,2.0,,,"Oliveira, Francisco Gilberto",3,Microbiology,3.0,1.253 Nerve Disorders,1.0,3.220.1242 Taste Perception,2.0,,,,,UNIVERSIDADE FEDERAL DO VALE DO SAO FRANCISCO,3,Universidade De Sao Paulo Faculdade De Medicina Veterinaria E Zootecnia Departamento De Cirurgia,1.0,BMC ZOOLOGY,1.0,,,,,Frontiers Media Sa,1.0,Microbiology,3.0,,,CENTRO NACIONAL DE PESQUISAS E CONSERVACAO DE MAMIFEROS CARNIVOROS CENAP ICMBIO AND WWF BRASIL,1.0,,,,
2009.0,1.0,,,"Silva, S. F.",3,Agriculture Multidisciplinary,2.0,1.36 Ophthalmology,1.0,1.102.110 Mesenchymal Stem Cells,1.0,,,,,UNIVERSITE PARIS SACLAY,3,University Of Florida College Of Veterinary Medicine,1.0,BRAIN RESEARCH BULLETIN,1.0,,,,,Int Inst Ecology,1.0,Science Technology Other Topics,3.0,,,CNPQ THROUGH FELLOWSHIPS OF THE PROGRAMA DE POS GRADUACAO EM GEOCIENCIAS UFRGS,1.0,,,,
2008.0,2.0,,,"de Paiva Cavalcanti, José Rodolfo Lopes",3,Entomology,2.0,3.16 Phytochemicals,1.0,1.186.670 Chromosomal Evolution,1.0,,,,,CENTRE NATIONAL DE LA RECHERCHE SCIENTIFIQUE CNRS,2,University Of Florida Health,1.0,BRAZILIAN JOURNAL OF BIOLOGY,1.0,,,,,KnowledgeWorks Global Ltd-KGL,1.0,Entomology,2.0,,,CNRS FIOCRUZ,1.0,,,,
2006.0,2.0,,,"Ribeiro, Ana Maria",3,Environmental Sciences,2.0,3.40 Forestry,1.0,1.253.1134 Peripheral Nerve Regeneration,1.0,,,,,INSTITUTE BIOMED SCIENCE UNIVERSITY SAO PAULO,2,University Of Florida Health Science Center,1.0,COMPARATIVE IMMUNOLOGY MICROBIOLOGY AND INFECTIOUS DISEASES,1.0,,,,,Mdpi,1.0,Geology,2.0,,,CONSERVATION LEADERSHIP PROGRAMME PANTHERA IDEA WILD INTERNATIONAL FOUNDATION FOR SCIENCE IFS,1.0,,,,
2000.0,1.0,,,"Pontes, Andre",3,Geosciences Multidisciplinary,2.0,,,1.36.212 Genetic Retinopathies,1.0,,,,,UNIV FED ALAGOAS UFAL,2,University Of Missouri St Louis College Of Arts And Sciences,1.0,ENVIRONMENT DEVELOPMENT AND SUSTAINABILITY,1.0,,,,,Natl Speleological Soc,1.0,Microscopy,2.0,,,COPES SCIENTIFIC INITIATION GRANT,1.0,,,,
1996.0,1.0,,,"ARAUJO, A",3,Microscopy,2.0,,,1.37.2220 Veterinary Cardiology,1.0,,,,,UNIV FED RURAL PERNAMBUCO SEDE,2,University Of Missouri St Louis Department Of Biology,1.0,ETHOLOGY,1.0,,,,,Oxford Univ Press,1.0,Physiology,2.0,,,CPQRR FIOCRUZ MG,1.0,,,,
1993.0,1.0,,,"Ferreira, L. F.",3,Multidisciplinary Sciences,2.0,,,1.37.467 Echocardiography,1.0,,,,,UNIVERSIDADE DE BRASILIA,2,University Of Verona Department Of Neuroscience Biomedicine And Movement,1.0,EXPERIMENTAL AND APPLIED ACAROLOGY,1.0,,,,,Pagepress Publ,1.0,Psychology,2.0,,,DECANATO DE PESQUISA E POS GRADUACAO DPP UNIVERSIDADE DE BRASILIA UNB,1.0,,,,
1991.0,2.0,,,Morgane Lavina,2,Physiology,2.0,,,3.16.1496 Ethnobotany,1.0,,,,,UNIVERSIDADE DE SANTO AMARO UNISA,2,University Of Verona School Of Medicine And Surgery,1.0,FRONTIERS IN NEUROANATOMY,1.0,,,,,Soc Brasileira Paleontologia,1.0,Biodiversity Conservation,1.0,,,EDITAL DE MISSOES CURTAS UFRGS,1.0,,,,
1989.0,1.0,,,"Resende, Nayra da Silva",2,Psychology Biological,2.0,,,3.35.1285 Bird Vocalization,1.0,,,,,UNIVERSIDADE DO ESTADO BAHIA,2,Western Washington University College Of Science And Engineering,1.0,HISTORICAL BIOLOGY,1.0,,,,,Univ Fed Rural Semi-Arido-Ufersa,1.0,Developmental Biology,1.0,,,FACEPE PERNAMBUCO FOUNDATION TO SUPPORT SCIENCE AND TECHNOLOGY,1.0,,,,
1986.0,1.0,,,"Andrade, Müller Ribeiro",2,Biodiversity Conservation,1.0,,,3.35.33 Avian Ecology,1.0,,,,,UNIVERSIDADE ESTADUAL DE SANTA CRUZ,2,Western Washington University Department Of Biology,1.0,ICHNOS AN INTERNATIONAL JOURNAL FOR PLANT AND ANIMAL TRACES,1.0,,,,,Wilson Ornithological Soc,1.0,Immunology,1.0,,,FOUNDATION FOR RESEARCH AND EXTENSION SUPPORT OF SERGIPE FAPESE,1.0,,,,
1984.0,1.0,,,"Mota, Rinaldo Aparecido",2,Developmental Biology,1.0,,,3.40.195 Biodiversity Conservation,1.0,,,,,UNIVERSIDADE FEDERAL DA BAHIA,2,,,INTERNATIONAL JOURNAL OF PRIMATOLOGY,1.0,,,,,,,Obstetrics Gynecology,1.0,,,FUNDACAO CEARENSE DE APOIO A PESQUISA E AO DESENVOLVIMENTO CIENTIFICO E TECNOLOGICO,1.0,,,,
1982.0,1.0,,,"Sousa, Twyla B.",2,Geography Physical,1.0,,,,,,,,,UNIVERSIDADE FEDERAL DE MATO GROSSO DO SUL,2,,,JOURNAL OF ARID ENVIRONMENTS,1.0,,,,,,,Physical Geography,1.0,,,FUNDACAO DE AMPARO A CIENCIA E TECNOLOGIA DO ESTADO DE PERNAMBUCO FACEPE FACEPE BRAZIL,1.0,,,,
,,,,"Santos, Amilton C",2,Green Sustainable Science Technology,1.0,,,,,,,,,UNIVERSIDADE FEDERAL DE VICOSA,2,,,JOURNAL OF CAVE AND KARST STUDIES,1.0,,,,,,,Public Environmental Occupational Health,1.0,,,FUNDACAO DE AMPARO A PESQUISA DO ESTADO DO PIAUI FAPEPI,1.0,,,,
,,,,"Marcili, Arlei",2,Immunology,1.0,,,,,,,,,UNIVERSIDADE FEDERAL DO OESTE DA BAHIA,2,,,JOURNAL OF MAMMALIAN EVOLUTION,1.0,,,,,,,Reproductive Biology,1.0,,,FUNDACAO MUSEU DO HOMEM AMERICANO FUMDHAM,1.0,,,,
,,,,"SIANTO, LUCIANA",2,Obstetrics Gynecology,1.0,,,,,,,,,UNIVERSIDADE FEDERAL DO RIO DE JANEIRO,2,,,JOURNAL OF MAMMALOGY,1.0,,,,,,,,,,,FUNDAGAO DE AMPARO A PESQUISA DO ESTADO DA PARAIBA,1.0,,,,
,,,,"Ferrari, Stephen Francis",2,Ornithology,1.0,,,,,,,,,UNIVERSIDADE FEDERAL DO RIO GRANDE DO SUL,2,,,JOURNAL OF ZOO AND WILDLIFE MEDICINE,1.0,,,,,,,,,,,GLOBAL ENVIRONMENT FUND GEF,1.0,,,,
,,,,"Lacher, TE",2,Public Environmental Occupational Health,1.0,,,,,,,,,UNIVERSIDADE REGIONAL DO CARIRI,2,,,JOURNAL OF ZOOLOGICAL SYSTEMATICS AND EVOLUTIONARY RESEARCH,1.0,,,,,,,,,,,INSTITUTO DE APOIO IT PESQUISA E AO DESENVOLVIMENTO DA UNIVERSIDADE ESTACLUAL VALE DO ACARAU,1.0,,,,
,,,,"Nogueira-Filho, Sérgio L.G.",2,Reproductive Biology,1.0,,,,,,,,,72 BIMTZ,1,,,JOURNAL OF ZOOLOGY,1.0,,,,,,,,,,,INSTITUTO NACIONAL DE CIENCIA E TECNOLOGIA DE ARQUEOLOGIA PALEONTOLOGIA E AMBIENTE DO SEMIARIDO DO NORDESTE DO BRASIL INCT INAPAS,1.0,,,,
,,,,"Labruna, Marcelo B",2,,,,,,,,,,,BETHUNE COOKMAN UNIVERSITY,1,,,MAMMALIAN BIOLOGY,1.0,,,,,,,,,,,INSTITUTO POLITECNICO NACIONAL MEXICO,1.0,,,,
,,,,"Rodrigues, Marcio Nogueira MNR",2,,,,,,,,,,,COMPLUTENSE UNIVERSITY OF MADRID,1,,,MEDICAL AND VETERINARY ENTOMOLOGY,1.0,,,,,,,,,,,LABORATORIO DE ECOLOGIA DE VERTEBRADOS,1.0,,,,
,,,,"Nogueira, Selene",2,,,,,,,,,,,CONSEJO NACIONAL DE INVESTIGACIONES CIENTIFICAS Y TECNICAS CONICET,1,,,NEUROSCIENCE AND BIOBEHAVIORAL REVIEWS,1.0,,,,,,,,,,,LABORATORIO DE MAMIFEROS UNIVERSIDADE DE BRASOLIA,1.0,,,,
,,,,"Albuquerque, Jose F. G.",2,,,,,,,,,,,CTR UNIV CHRISTUS,1,,,NEUROSCIENCE LETTERS,1.0,,,,,,,,,,,NATIONAL INSTITUTE OF SCIENCE AND TECHNOLOGY IN INTERDISCIPLINARY AND TRANSDISCIPLINARY STUDIES IN ECOLOGY AND EVOLUTION,1.0,,,,
,,,,"HARRY, Myriam",2,,,,,,,,,,,DIST ESTADUAL FERNANDO NORONHA,1,,,NEUROSCIENCE RESEARCH,1.0,,,,,,,,,,,NATIONAL INSTITUTE OF SCIENCE AND TECHNOLOGY IN INTERDISCIPLINARY AND TRANSDISCIPLINARY STUDIES IN ECOLOGY AND EVOLUTION IN TREE PROCESS CAPES BAHIA BRAZIL,1.0,,,,
,,,,"Guzen, Fausto",2,,,,,,,,,,,FDN INST OSWALDO CRUZ,1,,,ORYX,1.0,,,,,,,,,,,NATIONAL INSTITUTE OF SCIENCE AND TECHNOLOGY IN INTERDISCIPLINARY AND TRANSDISCIPLINARY STUDIES IN ECOLOGY AND EVOLUTION IN TREE PROCESS CNPQ BAHIA BRAZIL,1.0,,,,
,,,,"Martins dos Reis, Maria Emanuela",2,,,,,,,,,,,FED RURAL SEMI ARID UNIV,1,,,PALAEOGEOGRAPHY PALAEOCLIMATOLOGY PALAEOECOLOGY,1.0,,,,,,,,,,,NATURE CONSERVANCY OF BRAZIL,1.0,,,,
,,,,"Gomes de Andrade, Wylqui Mikael",2,,,,,,,,,,,FED UNIV VALE SAO FRANCISCO,1,,,PARASITES VECTORS,1.0,,,,,,,,,,,NEOTROPICAL GRASSLAND CONSERVANCY,1.0,,,,
,,,,Rita de Cassia Moreira de Souza,2,,,,,,,,,,,FIOCRUZ RESEARCH CENTER RENE RACHOU,1,,,PATHOGENS,1.0,,,,,,,,,,,PROEF CAPES FAPITEC PROC,1.0,,,,
,,,,"Confalonieri, Ulisses",2,,,,,,,,,,,HLTH MINIST,1,,,PHYSIOLOGICAL ZOOLOGY,1.0,,,,,,,,,,,RESEARCH AND PROJECTS FINANCING FINEP IN BRAZIL,1.0,,,,
,,,,"Felix de Araujo, Lucimario Thiago",2,,,,,,,,,,,HLTH SECRETARY CEARA STATE,1,,,PLACENTA,1.0,,,,,,,,,,,RIO GRANDE DO NORTE RESEARCH SUPPORT FOUNDATION FAPERN IN BRAZIL,1.0,,,,
,,,,"de Aro, Marian Mazeto",2,,,,,,,,,,,INST BIOTROP,1,,,PLOS ONE,1.0,,,,,,,,,,,RUFFORD FOUNDATION,1.0,,,,
,,,,Melquisedec Abiare Dantas de Santana,2,,,,,,,,,,,INST CARSTE,1,,,PRIMATES,1.0,,,,,,,,,,,SECRETARIA DE RECURSOS HIDRICOS E MEIO AMBIENTE SERHMA SE,1.0,,,,
,,,,"de Campos, Claudia B.",2,,,,,,,,,,,INST CONSERVACAO CARNIVOROS NEOTROP PROCARNIVOROS,1,,,REVISTA BRASILEIRA DE PALEONTOLOGIA,1.0,,,,,,,,,,,SERHMA SE,1.0,,,,
,,,,"Faucher, L.",2,,,,,,,,,,,INST CONSERVACAO CARNIVOROS NEOTROPICAIS,1,,,REVISTA CAATINGA,1.0,,,,,,,,,,,SES CE,1.0,,,,
,,,,"Lessa, Gisele",2,,,,,,,,,,,INST DESENVOLVIMENTO SUSTENTAVEL MAMIRAUA,1,,,SOCIOBIOLOGY OF CAVIOMORPH RODENTS AN INTEGRATIVE APPROACH,1.0,,,,,,,,,,,UNIVERSIDADE DE BRASILIA,1.0,,,,
,,,,Lileia Diotaiuti,2,,,,,,,,,,,INST RENE RACHOU FIOCRUZ MINAS GERAIS,1,,,TICKS AND TICK BORNE DISEASES,1.0,,,,,,,,,,,UNIVERSIDADE FEDERAL DE VICOSA,1.0,,,,
,,,,"Barbosa, Silvia Ermelinda",2,,,,,,,,,,,INST SERRADICAL PESQUISA CONSERVACAO,1,,,TROPICAL MEDICINE INTERNATIONAL HEALTH,1.0,,,,,,,,,,,WORLD HEALTH ORGANIZATION,1.0,,,,
,,,,"Horta, Mauricio Claudio",2,,,,,,,,,,,INSTITUTO NACIONAL DE TECNOLOGIA AGROPECUARIA INTA,1,,,TROPICAL ZOOLOGY,1.0,,,,,,,,,,,,,,,,
,,,,"Melo, Renata Pimentel Bandeira de",2,,,,,,,,,,,LAB PALEONTOL PALEOECOL SOC HIST NAT SHN,1,,,WILSON JOURNAL OF ORNITHOLOGY,1.0,,,,,,,,,,,,,,,,
,,,,"De Moura, Carlos Eduardo Bezerra",2,,,,,,,,,,,LOYOLA UNIVERSITY MARYLAND,1,,,ZOO BIOLOGY,1.0,,,,,,,,,,,,,,,,
,,,,"Oliveira, M. F.",2,,,,,,,,,,,MINIST AGR PECUARIA ABASTECIMENTO,1,,,,,,,,,,,,,,,,,,,,
,,,,"Silva, Alexandre Rodrigues",2,,,,,,,,,,,MOSSORO SUPER SCH AGR,1,,,,,,,,,,,,,,,,,,,,
,,,,"Mayer, Elver L.",2,,,,,,,,,,,MUSEO LA PLATA,1,,,,,,,,,,,,,,,,,,,,
,,,,"Magalhaes, F. J. R.",2,,,,,,,,,,,NATIONAL CANCER INSTITUTE INCA,1,,,,,,,,,,,,,,,,,,,,
,,,,"Bocchiglieri, Adriana",2,,,,,,,,,,,NATIONAL UNIVERSITY OF LA PLATA,1,,,,,,,,,,,,,,,,,,,,
,,,,"Barros, Kamila S.",2,,,,,,,,,,,NEOTROP PRIMATES RES GRP,1,,,,,,,,,,,,,,,,,,,,
,,,,"Willig, Michael R.",2,,,,,,,,,,,PENNSYLVANIA COMMONWEALTH SYSTEM OF HIGHER EDUCATION PCSHE,1,,,,,,,,,,,,,,,,,,,,
,,,,"Costa, Miriam S. M. O.",2,,,,,,,,,,,PYMATUNING LAB ECOL,1,,,,,,,,,,,,,,,,,,,,
,,,,"de Lima, Ruthnaldo R. M.",2,,,,,,,,,,,SAO PAULO UNIV USP,1,,,,,,,,,,,,,,,,,,,,
,,,,"Conceicao, Anderson Mendonca",2,,,,,,,,,,,SCH MED,1,,,,,,,,,,,,,,,,,,,,
,,,,"Duarte, Renata",2,,,,,,,,,,,SECRET ESTADO SAUDE PUBL,1,,,,,,,,,,,,,,,,,,,,
,,,,"Dias, Douglas de Matos",2,,,,,,,,,,,SECRETARIA SAUDE ESTADO CEARA,1,,,,,,,,,,,,,,,,,,,,
,,,,"Almeida, Carlos Eduardo",2,,,,,,,,,,,SERV GEOL BRASIL SGB,1,,,,,,,,,,,,,,,,,,,,
,,,,Rovena Clara Galvao Januario Engelberth,2,,,,,,,,,,,STATE UNIVERSITY SYSTEM OF FLORIDA,1,,,,,,,,,,,,,,,,,,,,
,,,,"Lima, Ramon Hypolito",2,,,,,,,,,,,TEXAS TECH UNIVERSITY,1,,,,,,,,,,,,,,,,,,,,
,,,,"Almeida, Waldemar S",2,,,,,,,,,,,TEXAS TECH UNIVERSITY SYSTEM,1,,,,,,,,,,,,,,,,,,,,
,,,,"Rici, Rose Eli Grassi",1,,,,,,,,,,,UNIDADE VIGILANCIA SAUDE,1,,,,,,,,,,,,,,,,,,,,
,,,,"Hsiou, Annie Schmaltz",1,,,,,,,,,,,UNIV CALIF UC DAVIS,1,,,,,,,,,,,,,,,,,,,,
,,,,"Condino-Neto, Antonio",1,,,,,,,,,,,UNIV FED PARAIBA UFPB,1,,,,,,,,,,,,,,,,,,,,
,,,,"Takiya, Daniela Maeda",1,,,,,,,,,,,UNIV SAO PAULO SP,1,,,,,,,,,,,,,,,,,,,,
,,,,"Falótico, Tiago",1,,,,,,,,,,,UNIVERSIDAD DE EL SALVADOR,1,,,,,,,,,,,,,,,,,,,,
,,,,"INIGUEZ, ALENA M",1,,,,,,,,,,,UNIVERSIDAD DE LA REPUBLICA URUGUAY,1,,,,,,,,,,,,,,,,,,,,
,,,,"Massara, Rodrigo Lima",1,,,,,,,,,,,UNIVERSIDAD REY JUAN CARLOS,1,,,,,,,,,,,,,,,,,,,,
,,,,"Zurano, Juan Pablo Pablo",1,,,,,,,,,,,UNIVERSIDADE CIDADE DE SAO PAULO,1,,,,,,,,,,,,,,,,,,,,
,,,,"Rodrigues, Flávio",1,,,,,,,,,,,UNIVERSIDADE DO ESTADO DO RIO DE JANEIRO,1,,,,,,,,,,,,,,,,,,,,
,,,,"Carter, Anthony Michael",1,,,,,,,,,,,UNIVERSIDADE ESTADUAL DA PARAIBA,1,,,,,,,,,,,,,,,,,,,,
,,,,"Valença-Barbosa, Carolina VB",1,,,,,,,,,,,UNIVERSIDADE ESTADUAL DE CAMPINAS,1,,,,,,,,,,,,,,,,,,,,
,,,,"Barbieri, Amalia R. M.",1,,,,,,,,,,,UNIVERSIDADE ESTADUAL DO CEARA,1,,,,,,,,,,,,,,,,,,,,
,,,,"Pessoa, Gerson T",1,,,,,,,,,,,UNIVERSIDADE ESTADUAL DO MARANHAO,1,,,,,,,,,,,,,,,,,,,,
,,,,"de Sá Schiavo Matias, Gustavo SS",1,,,,,,,,,,,UNIVERSIDADE ESTADUAL VALE DO ACARAU,1,,,,,,,,,,,,,,,,,,,,
,,,,"De Paula, Valéria V",1,,,,,,,,,,,UNIVERSIDADE FEDERAL DA INTEGRACAO LATINO AMERICANA,1,,,,,,,,,,,,,,,,,,,,
,,,,"Almeida, Carlos Eduardo",1,,,,,,,,,,,UNIVERSIDADE FEDERAL DE MATO GROSSO,1,,,,,,,,,,,,,,,,,,,,
,,,,"Martinez, Pablo Ariel",1,,,,,,,,,,,UNIVERSIDADE FEDERAL DE SANTA CATARINA UFSC,1,,,,,,,,,,,,,,,,,,,,
,,,,"Pacheco, Richard Campos",1,,,,,,,,,,,UNIVERSIDADE FEDERAL DE SANTA MARIA UFSM,1,,,,,,,,,,,,,,,,,,,,
,,,,"Martins, Thiago",1,,,,,,,,,,,UNIVERSIDADE FEDERAL DE SAO CARLOS,1,,,,,,,,,,,,,,,,,,,,
,,,,"de Góes Cavalcanti, Luciano Pamplona",1,,,,,,,,,,,UNIVERSIDADE FEDERAL DE UBERLANDIA,1,,,,,,,,,,,,,,,,,,,,
,,,,"Lambert, Sabrina SML",1,,,,,,,,,,,UNIVERSIDADE FEDERAL DO CEARA,1,,,,,,,,,,,,,,,,,,,,
,,,,"Ambrosio, Carlos Eduardo",1,,,,,,,,,,,UNIVERSIDADE FEDERAL DO PARANA,1,,,,,,,,,,,,,,,,,,,,
,,,,"Oliveira, Edison Vicente",1,,,,,,,,,,,UNIVERSIDADE FEDERAL DO PIAUI,1,,,,,,,,,,,,,,,,,,,,
,,,,"MONTICELLI, PATRICIA FERREIRA",1,,,,,,,,,,,UNIVERSIDADE FEDERAL FLUMINENSE,1,,,,,,,,,,,,,,,,,,,,
,,,,"Nunes, Gleisse Meneses",1,,,,,,,,,,,UNIVERSIDADE FEDERAL RURAL DE PERNAMBUCO UFRPE,1,,,,,,,,,,,,,,,,,,,,
,,,,"Bezerra, Bruna M",1,,,,,,,,,,,UNIVERSIDADE SALVADOR UNIFACS,1,,,,,,,,,,,,,,,,,,,,
,,,,"Reigada Montoya, Carolina",1,,,,,,,,,,,UNIVERSITY COLLEGE LONDON,1,,,,,,,,,,,,,,,,,,,,
,,,,"Vieira, Emerson Monteiro",1,,,,,,,,,,,UNIVERSITY OF FLORIDA,1,,,,,,,,,,,,,,,,,,,,
,,,,"Bonatelli, Murilo",1,,,,,,,,,,,UNIVERSITY OF LONDON,1,,,,,,,,,,,,,,,,,,,,
,,,,"Carnelossi, Elias Alberto Gutierrez",1,,,,,,,,,,,UNIVERSITY OF MISSOURI SAINT LOUIS,1,,,,,,,,,,,,,,,,,,,,
,,,,"Ladd, Fernando Vagner Lobo",1,,,,,,,,,,,UNIVERSITY OF MISSOURI SYSTEM,1,,,,,,,,,,,,,,,,,,,,
