Publication Years,Publication Years_Count,Document Types,Document Types_Count,Researcher Profiles,Researcher Profiles_Count,Web of Science Categories,Web of Science Categories_Count,Citation Topics Meso,Citation Topics Meso_Count,Citation Topics Micro,Citation Topics Micro_Count,Sustainable Development Goals,Sustainable Development Goals_Count,Web of Science Index,Web of Science Index_Count,Affiliations,Affiliations_Count,Affiliation with Department,Affiliation with Department_Count,Publication Titles,Publication Titles_Count,Languages,Languages_Count,Countries/Regions,Countries/Regions_Count,Publishers,Publishers_Count,Research Areas,Research Areas_Count,Open Access,Open Access_Count,Funding Agencies,Funding Agencies_Count,Book Series Titles,Book Series Titles_Count,Editors,Editors_Count
2026.0,1.0,Article,122.0,"D'Andrea, Paulo S.",15,Zoology,39.0,1.228 Virology - Tropical Diseases,31.0,1.228.994 Viral Hemorrhagic Fevers,31.0,03 Good Health And Well Being,74.0,Science Citation Index Expanded (SCI-EXPANDED),120.0,FUNDACAO OSWALDO CRUZ,28,Federal University Of Rio De Janeiro Health Sciences Centre,8.0,MAMMALIA,8.0,English,117.0,BRAZIL,90.0,Elsevier,16.0,Zoology,40.0,All Open Access,71.0,CONSELHO NACIONAL DE DESENVOLVIMENTO CIENTIFICO E TECNOLOGICO CNPQ,43,Serie Livros Do Museu Nacional,1.0,Pessoa LM,1.0
2025.0,2.0,Book Chapters,1.0,"ERS, Lemos",10,Parasitology,26.0,3.35 Zoology & Animal Ecology,30.0,3.35.721 Rodent Ecology,27.0,15 Life On Land,44.0,Book Citation Index – Science (BKCI-S),1.0,UNIVERSIDADE DE SAO PAULO,23,Federal University Of Rio De Janeiro Institute Of Biology,7.0,VIRUSES BASEL,6.0,Portuguese,5.0,ARGENTINA,31.0,Springer Nature,16.0,Parasitology,26.0,Gold,47.0,FUNDACAO DE AMPARO A PESQUISA DO ESTADO DE SAO PAULO FAPESP,32,,,Siciliano S,1.0
2024.0,3.0,,,"Bonvicino, Cibele R.",9,Ecology,12.0,1.163 Parasitology - General,26.0,1.163.645 Fish Parasitology,22.0,13 Climate Action,36.0,Emerging Sources Citation Index (ESCI),1.0,CONSEJO NACIONAL DE INVESTIGACIONES CIENTIFICAS Y TECNICAS CONICET,18,Cena,5.0,JOURNAL OF PARASITOLOGY,5.0,,,USA,14.0,Walter De Gruyter,8.0,Environmental Sciences Ecology,13.0,Free to Read,17.0,COORDENACAO DE APERFEICOAMENTO DE PESSOAL DE NIVEL SUPERIOR CAPES,21,,,Tavares WE,1.0
2023.0,4.0,,,"de Oliveira, Renata Carvalho",8,Biodiversity Conservation,10.0,3.40 Forestry,10.0,3.40.195 Biodiversity Conservation,7.0,14 Life Below Water,12.0,,,UNIVERSIDADE FEDERAL DO RIO DE JANEIRO,14,The University Of Tennessee Health Science Center College Of Medicine,5.0,ACTA TROPICA,4.0,,,PARAGUAY,6.0,Wiley,8.0,Biodiversity Conservation,10.0,Green Published,6.0,CONSEJO NACIONAL DE INVESTIGACIONES CIENTIFICAS Y TECNICAS CONICET,11,,,,
2022.0,2.0,,,"Teixeira, Bernardo R",8,Veterinary Sciences,10.0,1.258 Zoonotic Diseases,7.0,1.258.227 Tick-borne Pathogens,5.0,02 Zero Hunger,1.0,,,UNIVERSIDADE ESTADUAL PAULISTA,12,The University Of Tennessee Health Science Center Department Of Microbiology Immunology And Biochemistry,5.0,BRAZILIAN JOURNAL OF BIOLOGY,4.0,,,URUGUAY,4.0,Mdpi,7.0,Veterinary Sciences,10.0,Green Accepted,1.0,FUNDACAO CARLOS CHAGAS FILHO DE AMPARO A PESQUISA DO ESTADO DO RIO DE JANEIRO FAPERJ,8,,,,
2021.0,11.0,,,"Maldonado Junior, Arnaldo",8,Virology,10.0,1.186 Chromosome Disorders,4.0,1.186.670 Chromosomal Evolution,4.0,,,,,NATIONAL CANCER INSTITUTE INCA,9,Universidade De Sao Paulo Departamento De Ecologia,5.0,EMERGING INFECTIOUS DISEASES,4.0,,,GERMANY,3.0,"Soc Brasileira Zoologia, Univ Federal Parana",6.0,Virology,10.0,Green Submitted,56.0,ANPCYT,7,,,,
2020.0,5.0,,,"Gentile, Rosana",8,Tropical Medicine,9.0,1.261 Parasitology - Trypanosoma & Leishmania,3.0,3.64.71 Genetic Diversity,3.0,,,,,UNIVERSIDADE FEDERAL DO RIO GRANDE DO SUL,9,Universidade De Sao Paulo Instituto De Biociencias,5.0,PLOS ONE,4.0,,,AUSTRIA,2.0,Public Library Science,5.0,Tropical Medicine,9.0,,,SPANISH GOVERNMENT,6,,,,
2019.0,5.0,,,"Simões, R.O.",6,Infectious Diseases,7.0,3.64 Phylogenetics & Genomics,3.0,1.163.1393 Filarial Infections,2.0,,,,,NATIONAL UNIVERSITY OF LA PLATA,8,Federal University Of Rio De Janeiro Department Of Ecology,4.0,REVISTA BRASILEIRA DE PARASITOLOGIA VETERINARIA,4.0,,,CHILE,2.0,Brazilian Coll Veterinary Parasitology,4.0,Infectious Diseases,7.0,,,NATIONAL INSTITUTES OF HEALTH NIH USA,5,,,,
2018.0,11.0,,,"Guterres, Alexandro",5,Biology,6.0,1.125 Hepatitis,1.0,1.258.1958 Leptospirosis Epidemiology,2.0,,,,,UNIVERSIDADE FEDERAL RURAL DO RIO DE JANEIRO UFRRJ,8,Federal University Of Rio De Janeiro Department Of Genetics,4.0,ZOOLOGIA,4.0,,,PORTUGAL,2.0,Int Inst Ecology,4.0,Life Sciences Biomedicine Other Topics,6.0,,,UNITED STATES DEPARTMENT OF HEALTH HUMAN SERVICES,5,,,,
2017.0,5.0,,,"Notarnicola, Juliana",5,Environmental Sciences,5.0,1.148 Medical Mycology,1.0,1.261.596 Trypanosoma Biology,2.0,,,,,UNIVERSITY OF BUENOS AIRES,7,Institute Of Immunological And Physiopathological Studies,4.0,AMERICAN JOURNAL OF TROPICAL MEDICINE AND HYGIENE,3.0,,,IRELAND,1.0,AMER SOC PARASITOLOGISTS,3.0,Public Environmental Occupational Health,5.0,,,FUNDACAO DE AMPARO A PESQUISA DO ESTADO DE MINAS GERAIS FAPEMIG,4,,,,
2016.0,2.0,,,"Luque, Jose L",5,Multidisciplinary Sciences,5.0,1.154 Assisted Ventilation,1.0,3.35.274 Wildlife Ecology,2.0,,,,,UNIVERSIDADE ESTADUAL DE CAMPINAS,5,National University Of La Plata Faculty Of Exact Sciences,4.0,BIOTA NEOTROPICA,3.0,,,MEXICO,1.0,Amer Soc Trop Med & Hygiene,3.0,Science Technology Other Topics,5.0,,,UNIVERSITY OF BUENOS AIRES,4,,,,
2015.0,6.0,,,"Navone, Graciela T.",5,Public Environmental Occupational Health,5.0,1.161 Virology - Identification & Sequencing,1.0,3.40.86 Plant Communities,2.0,,,,,UNIVERSIDADE FEDERAL DO PARANA,5,Texas Tech University College Of Arts And Sciences,4.0,JOURNAL OF HELMINTHOLOGY,3.0,,,NEW ZEALAND,1.0,Cambridge Univ Press,3.0,Genetics Heredity,4.0,,,FIOCRUZ,3,,,,
2014.0,5.0,,,"Digiani, Maria Celina",5,Genetics Heredity,4.0,"1.217 Parasitology - Malaria, Toxoplasmosis & Coccidiosis",1.0,1.125.83 Hcv,1.0,,,,,UNIVERSITY OF TENNESSEE HEALTH SCIENCE CENTER,5,Texas Tech University Department Of Biological Sciences,4.0,MAMMALIAN BIOLOGY,3.0,,,PEOPLES R CHINA,1.0,Oxford Univ Press,3.0,Immunology,4.0,,,FUNDACAO DE AMPARO A CIENCIA E TECNOLOGIA DO ESTADO DO RIO GRANDE DO SUL FAPERGS,3,,,,
2013.0,6.0,,,"Jonsson, Colleen",5,Immunology,4.0,1.246 Diarrheal Diseases,1.0,1.148.931 Fungal Pathogenesis,1.0,,,,,UNIVERSITY OF TENNESSEE SYSTEM,5,Cepave,3.0,PARASITOLOGY RESEARCH,3.0,,,RUSSIA,1.0,Revista Biota Neotropica,3.0,Microbiology,4.0,,,FUNDACAO DE APOIO A PESQUISA DO DISTRITO FEDERAL FAPDF,3,,,,
2012.0,10.0,,,"Fernandes, Jorlan",5,Microbiology,4.0,1.81 Reproductive Biology,1.0,1.154.1057 Pulmonary Surfactant,1.0,,,,,CTR DESARROLLO INVEST CIENT,4,Federal University Of Rio Grande Do Sul Institute Of Biosciences,3.0,STUDIES ON NEOTROPICAL FAUNA AND ENVIRONMENT,3.0,,,SCOTLAND,1.0,Taylor & Francis,3.0,Evolutionary Biology,3.0,,,PROGRAMA NACIONAL DE INCENTIVO A LOS INVESTIGADORES CONACYT PARAGUAY,3,,,,
2011.0,7.0,,,"Owen, Robert D.",5,Evolutionary Biology,3.0,,,1.161.1662 Poxvirus Immunology,1.0,,,,,MUSEO LA PLATA,4,National University Of La Plata Faculty Of Natural Science And Museum,3.0,BIOLOGICAL CONSERVATION,2.0,,,SPAIN,1.0,CENTERS  DISEASE CONTROL,2.0,Biochemistry Molecular Biology,2.0,,,FEDERAL MINISTRY OF EDUCATION RESEARCH BMBF,2,,,,
2010.0,5.0,,,"Beldomenico, P. M.",4,Biochemistry Molecular Biology,2.0,,,1.163.1022 Anthelmintic Resistance,1.0,,,,,NATIONAL UNIVERSITY OF THE LITTORAL,4,Universidade De Sao Paulo Departamento De Medicina Veterinaria Preventiva E Saude Animal,3.0,ECOHEALTH,2.0,,,,,Magnolia Press,2.0,Biotechnology Applied Microbiology,2.0,,,FUNDACAO ARAUCARIA DE APOIO AO DESENVOLVIMENTO CIENTIFICO E TECNOLOGICO DO ESTADO DO PARANA FA,2,,,,
2009.0,5.0,,,"dos Santos, Claudia Duarte",4,Biotechnology Applied Microbiology,2.0,,,1.163.1943 Parasitic Zoonoses,1.0,,,,,TEXAS TECH UNIVERSITY,4,Universidade De Sao Paulo Faculdade De Medicina Veterinaria E Zootecnia,3.0,FOREST ECOLOGY AND MANAGEMENT,2.0,,,,,Pensoft Publishers,2.0,Forestry,2.0,,,FUNDACAO PARA A CIENCIA E A TECNOLOGIA FCT,2,,,,
2008.0,6.0,,,"Gonzalez-Ittig, Raul Enrique",4,Forestry,2.0,,,1.217.1038 Toxoplasma Gondii,1.0,,,,,TEXAS TECH UNIVERSITY SYSTEM,4,University Of Buenos Aires Department Of Ecology Genetics And Evolution,3.0,GENETICS AND MOLECULAR BIOLOGY,2.0,,,,,Soc Brasil Genetica,2.0,Agriculture,1.0,,,FUNDACION BUNGE Y BORN,2,,,,
2007.0,4.0,,,"Verdade, Luciano M.",4,Agronomy,1.0,,,1.246.985 Cryptosporidium,1.0,,,,,UNIVERSIDAD DE LA REPUBLICA URUGUAY,4,University Of Buenos Aires Faculty Of Exact And Natural Sciences,3.0,INFECTION GENETICS AND EVOLUTION,2.0,,,,,Acad Brasileira De Ciencias,1.0,Anatomy Morphology,1.0,,,FUNDO SOCIAL EUROPEU III QUADRO COMUNITARIO DE APOIO,2,,,,
2006.0,2.0,,,"Freitas, Thales",4,Anatomy Morphology,1.0,,,1.261.695 Leishmaniasis Dynamics,1.0,,,,,UNIVERSIDADE DO VALE DO RIO DOS SINOS UNISINOS,4,Federal University Of Rio De Janeiro Forum Of Science And Culture,2.0,INTERNATIONAL JOURNAL FOR PARASITOLOGY PARASITES AND WILDLIFE,2.0,,,,,Allen Press Inc,1.0,Cell Biology,1.0,,,INSTITUTO OSWALDO CRUZ FIOCRUZ,2,,,,
2005.0,2.0,,,"Raboni, Sonia M",4,Cell Biology,1.0,,,1.81.176 Male Fertility,1.0,,,,,NATIONAL UNIVERSITY OF CORDOBA,3,Federal University Of Rio Grande Do Sul Department Of Zoology,2.0,MAMMAL RESEARCH,2.0,,,,,Alliance Communications Group Division Allen Press,1.0,Entomology,1.0,,,PAPES IV,2,,,,
2004.0,4.0,,,"Cardoso, Thiago",4,Entomology,1.0,,,3.35.33 Avian Ecology,1.0,,,,,UNIVERSIDAD NACIONAL DE ASUNCION,3,Museu Nacional Ufrj,2.0,REVISTA BRASILEIRA DE ZOOLOGIA,2.0,,,,,Arquivo Brasileiro Medicina Veterinaria Zootecnia,1.0,Marine Freshwater Biology,1.0,,,PRINCE OF SONGKLA UNIVERSITY,2,,,,
2003.0,2.0,,,"vadell, victoria",4,Marine Freshwater Biology,1.0,,,3.40.838 Rangeland Dynamics,1.0,,,,,UNIVERSIDADE ESTADUAL DE SANTA CRUZ,3,The University Of Tennessee Knoxville College Of Arts And Sciences,2.0,ZOOTAXA,2.0,,,,,CENTER DISEASE CONTROL,1.0,Mycology,1.0,,,RIPASA S A PAPEL E CELULOSE,2,,,,
2002.0,3.0,,,"Martinez, Valeria Paula",4,Mycology,1.0,,,,,,,,,UNIVERSIDADE FEDERAL DA FRONTEIRA SUL,3,The University Of Tennessee Knoxville Department Of Microbiology,2.0,ACTA PARASITOLOGICA,1.0,,,,,Canadian Science Publishing,1.0,,,,,SECRETARIA DE CIENCIA Y TECNOLOGIA SECYT,2,,,,
2001.0,2.0,,,"Gomez Villafane, Isabel Elisa",4,Ornithology,1.0,,,,,,,,,UNIVERSIDADE FEDERAL DE MINAS GERAIS,3,Universidade De Sao Paulo Escola Superior De Agricultura Luiz De Queiroz,2.0,ACTA THERIOLOGICA,1.0,,,,,Centers  Disease Control & Prevention,1.0,,,,,ADMINISTRACION DE PARQUES NACIONALES,1,,,,
2000.0,1.0,,,"BELLOMO, Carla",4,,,,,,,,,,,UNIVERSIDADE FEDERAL DE SANTA MARIA UFSM,3,University Of Louisville Department Of Microbiology And Immunology,2.0,ANAIS DA ACADEMIA BRASILEIRA DE CIENCIAS,1.0,,,,,Frontiers Media Sa,1.0,,,,,AGENCIA I D I ARGENTINA,1,,,,
1999.0,1.0,,,"Padula, P",4,,,,,,,,,,,UNIVERSIDADE FEDERAL DE UBERLANDIA,3,University Of Louisville Department Of Pharmacology And Toxicology,2.0,ANATOMIA HISTOLOGIA EMBRYOLOGIA,1.0,,,,,"Fundacao Zoobotanica  Rio Grande Sul, Museu Ciencias Naturais",1.0,,,,,AGENCIA NACIONAL DE ENERGIA ELETRICA ANEEL,1,,,,
,,,,"Vieira, Emerson Monteiro",4,,,,,,,,,,,UNIVERSIDADE REGIONAL INTEGRADA DO ALTO URUGUAI E DAS MISSOES URI,3,University Of Louisville Health Sciences Center,2.0,ARCHIVES OF VIROLOGY,1.0,,,,,"Inst Biologia, Univ Nacional Autonoma Mexico",1.0,,,,,AGENCIA NACIONAL DE PROMOCION DE LA INVESTIGACION EL DESARROLLO TECNOLOGICO Y LA INNOVACION,1,,,,
,,,,"Levis, Silvana",3,,,,,,,,,,,FDN MOISES BERTONI,2,University Of Louisville School Of Medicine,2.0,ARQUIVO BRASILEIRO DE MEDICINA VETERINARIA E ZOOTECNIA,1.0,,,,,KnowledgeWorks Global Ltd-KGL,1.0,,,,,AGENCIA NACIONAL DE PROMOTION CIENTIFICA Y TECNOLOGICA,1,,,,
,,,,"Schrago, Carlos",3,,,,,,,,,,,FIOCRUZ RESEARCH CENTER RENE RACHOU,2,Federal University Of Lavras Department Of Biology,1.0,AUSTRAL ECOLOGY,1.0,,,,,MUSEUM NAT HIST NATURELLE,1.0,,,,,ASOCIACION COOPERADORA INTA RAFAELA,1,,,,
,,,,Ricardo Siqueira Bovendorp,3,,,,,,,,,,,INST NACL MED TROP,2,Federal University Of Parana Biological Sciences Sector,1.0,BIOLOGICAL JOURNAL OF THE LINNEAN SOCIETY,1.0,,,,,"Mary Ann Liebert, Inc",1.0,,,,,AT T MCNAIR FELLOWSHIP TTU,1,,,,
,,,,"Peres, Marina",3,,,,,,,,,,,INSTITUTO NACIONAL DE TECNOLOGIA AGROPECUARIA INTA,2,Federal University Of Parana Department Of Zoology,1.0,CANADIAN JOURNAL OF ZOOLOGY,1.0,,,,,Microbiology Soc,1.0,,,,,BID,1,,,,
,,,,"Gheler-Costa, Carla",3,,,,,,,,,,,ITAITI CONSULTORIA AMBIENTAL,2,Federal University Of Rio Grande Do Norte Health Sciences Centre,1.0,CELL AND TISSUE RESEARCH,1.0,,,,,Museu Nacional-Univ Federal Do Rio De Janeiro,1.0,,,,,BRAZILIAN INSTITUTE FOR THE ENVIRONMENT AND RENEWABLE NATURAL RESOURCES IBAMA,1,,,,
,,,,"Galetti, Mauro",3,,,,,,,,,,,MINIST SAUDE,2,Harvard University Faculty Of Arts And Sciences,1.0,CIENCIA RURAL,1.0,,,,,Natl Research Council Canada,1.0,,,,,CNPQ VIA THE PROTAX EDICT,1,,,,
,,,,"Gardenal, Cristina N.",3,,,,,,,,,,,PONTIFICIA UNIVERSIDADE CATOLICA DE MINAS GERAIS,2,Harvard University Fas Center For Systems Biology,1.0,ECOLOGICAL RESEARCH,1.0,,,,,Revista Pesquisa Veterinaria Brasileira,1.0,,,,,COMPANHIA DE CIMENTO RIBEIRAO GRANDE CCRG,1,,,,
,,,,"Robles, Maria Del Rosario",3,,,,,,,,,,,PONTIFICIA UNIVERSIDADE CATOLICA DO RIO GRANDE DO SUL,2,Institute Of Marine And Coastal Research,1.0,FRONTIERS IN ECOLOGY AND EVOLUTION,1.0,,,,,Soc Brasileira Medicina Tropical,1.0,,,,,CONSELHO NACIONAL PARA O DESENVOLVIMENTO CIENTIFICO E TECNOLOGICO CNPQ PAPES VI FIOCRUZ,1,,,,
,,,,"Spruill-Harrell, Briana",3,,,,,,,,,,,UNIVERSIDADE DE BRASILIA,2,Louisiana State University College Of Agriculture,1.0,GENOME,1.0,,,,,Swets Zeitlinger Publishers,1.0,,,,,COORDENACAO DE APERFEICOAMENTO DE NIVEL SUPERIOR CAPES BRASIL,1,,,,
,,,,"Martin, Paula Sanches",3,,,,,,,,,,,UNIVERSIDADE DE LISBOA,2,Louisiana State University School Of Renewable Natural Resources,1.0,GLOBAL ECOLOGY AND CONSERVATION,1.0,,,,,"Systematic & Applied Acarology Soc London, Natural History Museum",1.0,,,,,COORDENAGAO DE APERFEIGOAMENTO DE PESSOAL DE NIVEL SUPERIOR CAPES,1,,,,
,,,,"Cáceres, Nilton",3,,,,,,,,,,,UNIVERSIDADE DO SAGRADO CORACAO,2,Massachusetts General Hospital Division Of Nephrology,1.0,IHERINGIA SERIE ZOOLOGIA,1.0,,,,,Univ Federal Santa Maria,1.0,,,,,CYTED RIVE,1,,,,
,,,,"Megid, Jane",3,,,,,,,,,,,UNIVERSIDADE FEDERAL DE SANTA CATARINA UFSC,2,Massey University College Of Sciences,1.0,INTEGRATIVE ZOOLOGY,1.0,,,,,Zoological Soc Japan,1.0,,,,,DEPARTMENT OF BIOLOGICAL SCIENCES OF TEXAS TECH UNIVERSITY,1,,,,
,,,,"Fernandez, Fernando A. S.",2,,,,,,,,,,,UNIVERSIDADE FEDERAL DE SAO CARLOS,2,Massey University Molecular Epidemiology And Public Health Laboratory,1.0,JOURNAL OF EXPERIMENTAL ZOOLOGY PART A ECOLOGICAL AND INTEGRATIVE PHYSIOLOGY,1.0,,,,,,,,,,,DEPARTMENT OF BIOLOGICAL SCIENCES TTU,1,,,,
,,,,"Linhares, Aricio Xavier",2,,,,,,,,,,,UNIVERSIDADE FEDERAL DO ABC UFABC,2,Massey University School Of Veterinary Science,1.0,JOURNAL OF GENERAL VIROLOGY,1.0,,,,,,,,,,,FINANCIADORA DE INOVACAO E PESQUISA FINEP,1,,,,
,,,,"Tambosi, Leandro Reverberi",2,,,,,,,,,,,UNIVERSIDADE FEDERAL DO MARANHAO,2,Maynooth University Department Of Mathematics And Statistics,1.0,JOURNAL OF HEREDITY,1.0,,,,,,,,,,,FIP PUC MINAS,1,,,,
,,,,"Goncalves, Gislene Lopes",2,,,,,,,,,,,UNIVERSIDADE FEDERAL DO PAMPA,2,Maynooth University Faculty Of Science And Engineering,1.0,JOURNAL OF MAMMALOGY,1.0,,,,,,,,,,,FOUNDATION FOR RESEARCH SUPPORT OF BAHIA FAPESB,1,,,,
,,,,"Alvarez, Martín R",2,,,,,,,,,,,UNIVERSIDADE FEDERAL DO RIO GRANDE,2,Mrc University Of Glasgow Centre For Virus Research,1.0,JOURNAL OF MEDICAL VIROLOGY,1.0,,,,,,,,,,,FUNDACA,1,,,,
,,,,"Cerqueira, Rui",2,,,,,,,,,,,UNIVERSIDADE LUTERANA DO BRASIL,2,National University Of Tucuman Faculty Of Natural Sciences And Institute Miguel Lillo,1.0,MAMIFEROS DE RESTINGAS E MANGUEAIS DO BRASIL,1.0,,,,,,,,,,,FUNDACAO ARAUCIRIA,1,,,,
,,,,"Peres, Brisa",2,,,,,,,,,,,UNIVERSITY OF HAMBURG,2,Peking University Faculty Of Sciences,1.0,MAMMALS OF THE SALT MARSHES AND MANGROVES OF BRAZIL,1.0,,,,,,,,,,,FUNDACAO CAPES,1,,,,
,,,,"del Rosario Robles, Maria del Rosario",2,,,,,,,,,,,UNIVERSITY OF LOUISVILLE,2,Peking University School Of Life Sciences,1.0,MICROBIAL ECOLOGY,1.0,,,,,,,,,,,FUNDACAO DE AMPARO A PESQUISA DO ESTADO DA BAHIA FAPESB,1,,,,
,,,,"Rosalino, Luís Miguel",2,,,,,,,,,,,UNIVERSITY OF TENNESSEE KNOXVILLE,2,State University Of Santa Cruz Collegiate Of Biomedicine,1.0,MYCOPATHOLOGIA,1.0,,,,,,,,,,,FUNDACAO DE AMPARO A PESQUISA DO ESTADO DO GOIAS FAPEG,1,,,,
,,,,"Guimaraes Rubio, Giselia Burigo",2,,,,,,,,,,,UNIVERSITY OF VETERINARY MEDICINE VIENNA,2,State University Of Santa Cruz Department Of Biological Sciences,1.0,NEOTROPICAL BIOLOGY AND CONSERVATION,1.0,,,,,,,,,,,FUNDACAO DE AMPARO A PESQUISA E INOVACAO DO ESTADO DE SANTA CATARINA FAPESC,1,,,,
,,,,"Vicente, Acacia FV Ferreira",2,,,,,,,,,,,AGCTR,1,The University Of Tennessee Health Science Center College Of Pharmacy,1.0,PATHOGENS,1.0,,,,,,,,,,,FUNDACAO OSWALDO CRUZ FIOCRUZ,1,,,,
,,,,Paula Ribeiro Prist,2,,,,,,,,,,,ANLIS DR CG MALBRAN,1,The University Of Tennessee Health Science Center Department Of Pharmaceutical Sciences,1.0,PESQUISA VETERINARIA BRASILEIRA,1.0,,,,,,,,,,,FUNDACAO PARQUE ZOOLOGICO DE SAO PAULO FPZSP,1,,,,
,,,,"Taylor, Mariah K.",2,,,,,,,,,,,ANLIS DR CG MALBRDN,1,Universidade De Sao Paulo Departamento De Ciencias Exatas,1.0,PLOS PATHOGENS,1.0,,,,,,,,,,,FUNDO DE AMPARO A PESQUISA DO RIO GRANDE DO SUL,1,,,,
,,,,"Valdivieso, L",2,,,,,,,,,,,AREA VIDA CONSULTORIA AMBIENTAL,1,Universidade De Sao Paulo Faculdade De Filosofia Ciencias E Letras De Ribeirao Preto,1.0,REVISTA DA SOCIEDADE BRASILEIRA DE MEDICINA TROPICAL,1.0,,,,,,,,,,,FUNDO DE AMPARO A PESQUISA DO RIO GRANDE DO SUL FAPERGS,1,,,,
,,,,"Stella, Vanessa",2,,,,,,,,,,,CAIPORA COOPERAT CONSERVACAO NAT,1,University Of Bonn Department Of Biology,1.0,REVISTA MEXICANA DE BIODIVERSIDAD,1.0,,,,,,,,,,,FUNDO PARANA,1,,,,
,,,,"Talamoni, Sônia Aparecida",2,,,,,,,,,,,CENTRO UNIVERSITARIO VILA VELHA,1,University Of Bonn Faculty Of Mathematics And Natural Sciences,1.0,SCIENCE OF THE TOTAL ENVIRONMENT,1.0,,,,,,,,,,,GRADUATE PROGRAM IN PARASITIC BIOLOGY OF THE OSWALDO CRUZ INSTITUTE PGBP IOC FIOCRUZ,1,,,,
,,,,"Cruz, Leonardo Dominici",2,,,,,,,,,,,CHICAGO STATE UNIVERSITY,1,University Of Bonn Institute Of Zoology,1.0,SERIE LIVROS DO MUSEU NACIONAL,1.0,,,,,,,,,,,INCT ENTOMOLOGIA MOLECULAR,1,,,,
,,,,"Püttker, Thomas",2,,,,,,,,,,,CICYITP CONICET PROV ER UADER,1,University Of California Santa Cruz Department Of Ecology And Evolutionary Biology,1.0,SYSTEMATIC AND APPLIED ACAROLOGY,1.0,,,,,,,,,,,INMET ANLIS DR CARLOS G MALBRAN,1,,,,
,,,,"Lima, Daniela Oliveira de",2,,,,,,,,,,,COMERCIO SERV AMBIENTAIS LTDA,1,University Of California Santa Cruz Division Of Physical Biological Sciences,1.0,SYSTEMATIC PARASITOLOGY,1.0,,,,,,,,,,,INSTITUTO OSWALDO CRUZ,1,,,,
,,,,"Labruna, Marcelo B",2,,,,,,,,,,,COMPLUTENSE UNIVERSITY OF MADRID,1,University Of Glasgow College Of Medical Veterinary And Life Sciences,1.0,TROPICAL MEDICINE INTERNATIONAL HEALTH,1.0,,,,,,,,,,,INSTITUTO OSWALDO CRUZ FUNDACAO OSWALDO CRUZ,1,,,,
,,,,"Carstensen, Suzana",2,,,,,,,,,,,CONICET CONSELO NACL INVEST CIENT TECN,1,University Of Glasgow Institute Of Infection Immunity And Inflammation,1.0,VECTOR BORNE AND ZOONOTIC DISEASES,1.0,,,,,,,,,,,INSTITUTO OSWALDO CRUZ IOC FIOCRUZ,1,,,,
,,,,"Bordignon, Juliano",2,,,,,,,,,,,CONNECTICUT AGRICULTURAL EXPERIMENT STATION,1,University Of Louisville Center For Predictive Medicine For Biodefense And Emerging Infectious Diseases,1.0,VETERINARY MICROBIOLOGY,1.0,,,,,,,,,,,INTA,1,,,,
,,,,"Marinho, Jorge",2,,,,,,,,,,,CTR EL DESARROLLO INVEST CIENT,1,University Of Miami College Of Arts And Sciences,1.0,VETERINARY PARASITOLOGY,1.0,,,,,,,,,,,INTERNATIONAL DEVELOPMENT RESEARCH CENTER ECOHEALTH PROGRAM,1,,,,
,,,,"Gurgel-Goncalves, Rodrigo",2,,,,,,,,,,,CTR ESTUDIOS PARASIT VECTORES CEPAVE CCT CONICE,1,University Of Miami Department Of Biology,1.0,WILSON JOURNAL OF ORNITHOLOGY,1.0,,,,,,,,,,,INTERNATIONAL INSTITUTE FOR EDUCATION FULBRIGHT SCHOLARSHIP,1,,,,
,,,,"Camp, Jeremy V.",2,,,,,,,,,,,CTR INVEST CIENT TRANSFERENCIA TECNOL PROD CONI,1,,,ZOOLOGICA SCRIPTA,1.0,,,,,,,,,,,IOC FIOCRUZ,1,,,,
,,,,"Bragagnolo, Camila de Marco",2,,,,,,,,,,,CTR INVEST TRANSFERENCIA NOROESTE PROV BUENOS A,1,,,ZOOLOGICAL JOURNAL OF THE LINNEAN SOCIETY,1.0,,,,,,,,,,,KNOX JONES AWARD TTU,1,,,,
,,,,"Fernandes, Fernanda Rodrigues",2,,,,,,,,,,,CTR TECNOL ENGN LTDA,1,,,ZOOLOGICAL SCIENCE,1.0,,,,,,,,,,,KOLN FMER,1,,,,
,,,,"Fantozzi, María Cecilia",2,,,,,,,,,,,CTR UNIV SUDOESTE PAULISTA,1,,,ZOOSYSTEMATICS AND EVOLUTION,1.0,,,,,,,,,,,LABORATORIO DE VERTEBRADOS UFRJ,1,,,,
,,,,"Christoff, Alexandre Uarth",2,,,,,,,,,,,ECOHEALTH ALLIANCE,1,,,,,,,,,,,,,,,MARSHALL FIELD COLLECTION FUND OF THE FIELD MUSEUM OF NATURAL HISTORY IN CHICAGO,1,,,,
,,,,"MCALLISTER, RC",2,,,,,,,,,,,ECOL APLICADA PESQUISA ENSINO SERV AMBIENTAIS,1,,,,,,,,,,,,,,,MARY RICE FOUNDATION,1,,,,
,,,,"Meyer-Lucht, Yvonne",2,,,,,,,,,,,ESBAM,1,,,,,,,,,,,,,,,MASSEY UNIVERSITY FOUNDATION,1,,,,
,,,,"Sage, Richard D.",2,,,,,,,,,,,FAC CIENCIAS EXACTAS FIS NAT,1,,,,,,,,,,,,,,,MCTIC CNPQ BRAZIL,1,,,,
,,,,"Rodrigues, Daniele Pereira",2,,,,,,,,,,,FED UNIV MARANHAO CCAA UFMA,1,,,,,,,,,,,,,,,MEDICAL RESEARCH COUNCIL UK MRC,1,,,,
,,,,"Monje, Lucas Daniel",2,,,,,,,,,,,FIELD MUSEUM OF NATURAL HISTORY CHICAGO,1,,,,,,,,,,,,,,,MICHELLE KNAPP MEMORIAL SCHOLARSHIP TTU,1,,,,
,,,,"Salomon, Oscar",2,,,,,,,,,,,FUNASA,1,,,,,,,,,,,,,,,MINISTERIO DE EDUCACION Y CULTURA PROGRAMA DE DESARROLLO TECNOLOGICO,1,,,,
,,,,"Galiano, Daniel",2,,,,,,,,,,,FUNDACAO PARQUE ZOOL SAO PAULO,1,,,,,,,,,,,,,,,MINISTRY OF SCIENCE TECHNOLOGY AND INNOVATION MCTI CONSELHO NACIONAL DE DESENVOLVIMENTO CIENTIFICO E TECNOLOGICO,1,,,,
,,,,"Strecht, Liana",2,,,,,,,,,,,FUNDACAO ZOOBOT RIO GRANDE SUL FZB RS,1,,,,,,,,,,,,,,,MOCONA,1,,,,
,,,,"Colombo, Valeria Carolina",2,,,,,,,,,,,HARVARD MEDICAL SCHOOL,1,,,,,,,,,,,,,,,NATIONAL INSTITUTE FOR SPACE RESEARCH INPE,1,,,,
,,,,"Souza, Joyce",2,,,,,,,,,,,HARVARD UNIVERSITY,1,,,,,,,,,,,,,,,NATIONAL SCIENCE FOUNDATION NSF,1,,,,
,,,,"Piña, Carlos",2,,,,,,,,,,,HARVARD UNIVERSITY MEDICAL AFFILIATES,1,,,,,,,,,,,,,,,NIH NATIONAL INSTITUTE OF ALLERGY INFECTIOUS DISEASES NIAID,1,,,,
,,,,"Appolinario, Camila M.",2,,,,,,,,,,,HOSP PEDIAT POSADAS,1,,,,,,,,,,,,,,,OSWALDO CRUZ INSTITUTE IOC FIOCRUZ,1,,,,
,,,,"Bacchiega, Thais S.",2,,,,,,,,,,,IBMP,1,,,,,,,,,,,,,,,PAN AMERICAN HEALTH ORGANIZATION,1,,,,
,,,,"Lopes, Paula",2,,,,,,,,,,,INEI ANLIS DR CARLOS G MALBRAN,1,,,,,,,,,,,,,,,PET SESU MEC,1,,,,
,,,,"Venzal, Jose",2,,,,,,,,,,,INEI ANLIS DR CG MALBRAN,1,,,,,,,,,,,,,,,PIBIC,1,,,,
,,,,"Delfraro, Adriana",2,,,,,,,,,,,INEVH,1,,,,,,,,,,,,,,,PIERRE KAUFMANN OBSERVATORY RADIO,1,,,,
,,,,Jonatas Santos Abrahao,2,,,,,,,,,,,INST BIOFIS CARLOS CHAGAS FILHO,1,,,,,,,,,,,,,,,PLAZA CALDAS DA IMPERATRIZ RESORT,1,,,,
,,,,"Cao, Xueyuan",2,,,,,,,,,,,INST NACL ENFERMEDADES INFECCIOSAS ADM NACL LABS,1,,,,,,,,,,,,,,,POSTGRADUATE PROGRAM IN ZOOLOGY AT THE UNIVERSIDADE FEDERAL DO PARANA UFPR,1,,,,
,,,,"Williams, Evan J.",2,,,,,,,,,,,INST NACL ENFERMEDADES INFECCIOSAS ANLIS DR CARLO,1,,,,,,,,,,,,,,,POSTGRADUATE PROGRAMMME IN CIENCIAS DA SALIDE IRR,1,,,,
,,,,"Martinez Bruyn, Vicente J.",2,,,,,,,,,,,INST NACL ENFERMEDADES VIRALES HUMANAS DR JULIO I,1,,,,,,,,,,,,,,,PP BIO CNPQ,1,,,,
,,,,"Burgos, Eliana F.",2,,,,,,,,,,,INST NACL LABS,1,,,,,,,,,,,,,,,PRO REITORIA DE PESQUISA UFMG PRPQ,1,,,,
,,,,"Figueiredo, Luiz T",2,,,,,,,,,,,INST PROCARNIVOROS,1,,,,,,,,,,,,,,,PROGRAMA DE FORMACION DE POSGRADO DE INTA,1,,,,
,,,,"Maroja, Luana",2,,,,,,,,,,,INST SALUD DR CARLOS G MALBRAN,1,,,,,,,,,,,,,,,PROGRAMA DE INCENTIVOS,1,,,,
,,,,"Rodriguez, Laura",2,,,,,,,,,,,INST SAUDE DR CARLOS MALBRAN,1,,,,,,,,,,,,,,,PROGRAMA DE POS GRADUACAO EM BIODIVERSIDADE E SAUDE IOC FIOCRUZ,1,,,,
,,,,"Neves, Carolina L.",2,,,,,,,,,,,INSTITUTE BIOMED SCIENCE UNIVERSITY SAO PAULO,1,,,,,,,,,,,,,,,PROGRAMA DE POS GRADUACAO EM CIENCIAS VETERINARIAS UFRRJ,1,,,,
,,,,"Sommer, Simone",2,,,,,,,,,,,INSTITUTE OF CYTOLOGY GENETICS ICG SB RAS,1,,,,,,,,,,,,,,,PROGRAMA NACIONAL DE INCENTIVO A LOS INVESTIGADORES PARAGUAY,1,,,,
,,,,"de Souza, William Marciel",2,,,,,,,,,,,INSTITUTO ADOLFO LUTZ,1,,,,,,,,,,,,,,,PROGRAMA NACIONAL DE INCENTIVO A LOSINVESTIGADORES CONACYT PARAGUAY,1,,,,
,,,,"Pardini, Renata",2,,,,,,,,,,,INSTITUTO BUTANTAN,1,,,,,,,,,,,,,,,PROJETO RS BIODIVERSIDADE,1,,,,
,,,,"Galliari, Carlos A.",2,,,,,,,,,,,INSTITUTO DE ECOLOGIA MEXICO,1,,,,,,,,,,,,,,,PROYECTO NACIONAL DE SANIDAD ANIMAL INTA,1,,,,
,,,,"Melo, Geruza Leal",2,,,,,,,,,,,INSTITUTO EVANDRO CHAGAS,1,,,,,,,,,,,,,,,SECRETARIA DE CIENCIA E TECNOLOGIA RS,1,,,,
