Publication Years,Publication Years_Count,Document Types,Document Types_Count,Researcher Profiles,Researcher Profiles_Count,Web of Science Categories,Web of Science Categories_Count,Citation Topics Meso,Citation Topics Meso_Count,Citation Topics Micro,Citation Topics Micro_Count,Sustainable Development Goals,Sustainable Development Goals_Count,Web of Science Index,Web of Science Index_Count,Affiliations,Affiliations_Count,Affiliation with Department,Affiliation with Department_Count,Publication Titles,Publication Titles_Count,Languages,Languages_Count,Countries/Regions,Countries/Regions_Count,Publishers,Publishers_Count,Research Areas,Research Areas_Count,Open Access,Open Access_Count,Funding Agencies,Funding Agencies_Count,Conference Titles,Conference Titles_Count,Book Series Titles,Book Series Titles_Count,Editors,Editors_Count
2025.0,20.0,Article,413.0,"Dubey, Jitender P. P.",17,Parasitology,116.0,3.35 Zoology & Animal Ecology,82.0,3.35.721 Rodent Ecology,63.0,03 Good Health And Well Being,289.0,Science Citation Index Expanded (SCI-EXPANDED),425.0,UNIVERSIDADE DE SAO PAULO,65,University Of Buenos Aires Department Of Ecology Genetics And Evolution,16,MEMORIAS DO INSTITUTO OSWALDO CRUZ,14,English,416.0,BRAZIL,314.0,Elsevier,78.0,Parasitology,116.0,All Open Access,182.0,CONSELHO NACIONAL DE DESENVOLVIMENTO CIENTIFICO E TECNOLOGICO CNPQ,96,14TH INTERNATIONAL CONGRESS ON ELECTRON MICROSCOPY,2.0,Serie Livros Do Museu Nacional,1.0,Benavides HAC,2.0
2024.0,18.0,Meeting Abstract,11.0,"Labruna, Marcelo B",15,Veterinary Sciences,92.0,1.261 Parasitology - Trypanosoma & Leishmania,64.0,1.217.1038 Toxoplasma Gondii,46.0,15 Life On Land,121.0,Emerging Sources Citation Index (ESCI),10.0,UNIVERSIDADE ESTADUAL PAULISTA,53,University Of Buenos Aires Faculty Of Exact And Natural Sciences,16,ACTA TROPICA,13,Portuguese,16.0,ARGENTINA,69.0,Springer Nature,57.0,Veterinary Sciences,92.0,Gold,121.0,COORDENACAO DE APERFEICOAMENTO DE PESSOAL DE NIVEL SUPERIOR CAPES,79,EXPERIMENTAL BIOLOGY EB ANNUAL MEETING,1.0,,,Yacaman MJ,2.0
2023.0,24.0,Review Article,7.0,"Coutinho, HB",12,Zoology,88.0,1.258 Zoonotic Diseases,51.0,1.261.596 Trypanosoma Biology,45.0,13 Climate Action,96.0,Social Sciences Citation Index (SSCI),7.0,FUNDACAO OSWALDO CRUZ,45,Universidade De Sao Paulo Departamento De Medicina Veterinaria Preventiva E Saude Animal,14,PARASITOLOGY RESEARCH,13,Spanish,5.0,USA,65.0,Wiley,37.0,Zoology,89.0,Gold-Hybrid,9.0,FUNDACAO DE AMPARO A PESQUISA DO ESTADO DE SAO PAULO FAPESP,41,JOINT MEETING OF THE BRAZILIAN SOCIETY OF ELECTRON MICROSCOPY AND MICROANALYSIS BRAZILIAN CELL BIOLOGY SOCIETY,1.0,,,Pessoa LM,1.0
2022.0,19.0,Note,4.0,"André, Marcos Rogério",11,Tropical Medicine,46.0,"1.217 Parasitology - Malaria, Toxoplasmosis & Coccidiosis",46.0,1.258.227 Tick-borne Pathogens,44.0,14 Life Below Water,24.0,Conference Proceedings Citation Index – Science (CPCI-S),5.0,CONSEJO NACIONAL DE INVESTIGACIONES CIENTIFICAS Y TECNICAS CONICET,43,Universidade De Sao Paulo Faculdade De Medicina Veterinaria E Zootecnia,14,REVISTA BRASILEIRA DE PARASITOLOGIA VETERINARIA,13,French,3.0,ENGLAND,15.0,Oxford Univ Press,21.0,Tropical Medicine,46.0,Free to Read,27.0,ANPCYT,17,TRYPANOSOMATID EVOLUTION WORKSHOP,1.0,,,Siciliano S,1.0
2021.0,16.0,Proceeding Paper,4.0,"Martins, Thiago",11,Anatomy Morphology,43.0,1.163 Parasitology - General,22.0,1.261.695 Leishmaniasis Dynamics,19.0,02 Zero Hunger,1.0,Book Citation Index – Science (BKCI-S),1.0,UNIVERSIDADE FEDERAL DE MINAS GERAIS,37,Federal University Of Minas Gerais Institute Of Biological Sciences,10,MAMMALIA,12,,,AUSTRALIA,14.0,Brazilian Coll Veterinary Parasitology,13.0,Anatomy Morphology,43.0,Green Published,31.0,CONSEJO NACIONAL DE INVESTIGACIONES CIENTIFICAS Y TECNICAS CONICET,17,,,,,Tavares WE,1.0
2020.0,21.0,Early Access,3.0,"Matheus, Selma MM",10,Ecology,33.0,8.93 Archaeology,17.0,8.93.805 Mammalia,17.0,05 Gender Equality,1.0,,,UNIVERSITY OF BUENOS AIRES,32,Virginia Maryland Regional College Of Veterinary Medicine,8,BRAZILIAN JOURNAL OF MEDICAL AND BIOLOGICAL RESEARCH,11,,,FRANCE,9.0,Cambridge Univ Press,13.0,Environmental Sciences Ecology,33.0,Green Accepted,2.0,UNIVERSITY OF BUENOS AIRES,15,,,,,,
2019.0,19.0,Book Chapters,1.0,Benjamin M. Rosenthal,10,Biology,22.0,3.64 Phylogenetics & Genomics,13.0,1.163.645 Fish Parasitology,14.0,09 Industry Innovation And Infrastructure,1.0,,,UNIVERSIDADE FEDERAL DE PERNAMBUCO,27,Virginia Maryland Regional College Of Veterinary Medicine Department Of Biomedical Sciences And Pathobiology,8,VETERINARY PARASITOLOGY,11,,,SCOTLAND,6.0,Assoc Bras Divulg Cientifica,11.0,Life Sciences Biomedicine Other Topics,22.0,Green Submitted,92.0,FUNDACAO DE AMPARO A PESQUISA DO ESTADO DE MINAS GERAIS FAPEMIG,12,,,,,,
2018.0,15.0,Correction,1.0,"Machado, Rosangela RZ",9,Infectious Diseases,21.0,1.181 Molecular Toxicology,10.0,3.35.274 Wildlife Ecology,14.0,,,,,UNITED STATES DEPARTMENT OF AGRICULTURE USDA,21,Universidade De Sao Paulo Faculdade De Medicina De Ribeirao Preto,6,JOURNAL OF PARASITOLOGY,10,,,GERMANY,5.0,Fundaco Oswaldo Cruz,10.0,Infectious Diseases,21.0,,,SPANISH GOVERNMENT,12,,,,,,
2017.0,17.0,Data Paper,1.0,"Filho, Jose C.M. Nogueira",9,Entomology,20.0,3.40 Forestry,10.0,1.181.1079 Snake Venom Biochemistry,10.0,,,,,UNIVERSIDADE FEDERAL DE MATO GROSSO DO SUL,21,Federal University Of Santa Maria Centre For Natural And Exact Sciences,5,BIOTA NEOTROPICA,9,,,ITALY,5.0,Revista Biota Neotropica,9.0,Entomology,20.0,,,FUNDACAO CARLOS CHAGAS FILHO DE AMPARO A PESQUISA DO ESTADO DO RIO DE JANEIRO FAPERJ,8,,,,,,
2016.0,12.0,Editorial Material,1.0,"Coutinho, Vania Barbosa",9,Biodiversity Conservation,19.0,1.65 Allergy,7.0,1.258.1958 Leptospirosis Epidemiology,7.0,,,,,UNIVERSIDADE FEDERAL DO RIO GRANDE DO SUL,20,Universidade De Sao Paulo Escola Superior De Agricultura Luiz De Queiroz,5,JOURNAL OF MAMMALOGY,9,,,SPAIN,5.0,Revista Pesquisa Veterinaria Brasileira,9.0,Biodiversity Conservation,19.0,,,FUNDACAO DE AMPARO A CIENCIA E TECNOLOGIA DO ESTADO DE PERNAMBUCO FACEPE,6,,,,,,
2015.0,10.0,Letter,1.0,"Orozco, Marcela",9,Microbiology,19.0,1.81 Reproductive Biology,7.0,1.65.936 Mast Cell Functions,7.0,,,,,UNIVERSIDADE DE BRASILIA,18,University Of Brasilia Institute Of Biological Sciences,5,PESQUISA VETERINARIA BRASILEIRA,9,,,COSTA RICA,4.0,Walter De Gruyter,9.0,Microbiology,19.0,,,FUNDACAO DE AMPARO A CIENCIA E TECNOLOGIA DO ESTADO DO RIO GRANDE DO SUL FAPERGS,6,,,,,,
2014.0,13.0,,,"Gurtler, Ricardo E.",9,Public Environmental Occupational Health,17.0,1.26 Diabetes,6.0,1.186.670 Chromosomal Evolution,5.0,,,,,UNIVERSIDADE FEDERAL DE SANTA MARIA UFSM,15,Federal University Of Pernambuco Department Of Zoology,4,EXPERIMENTAL AND APPLIED ACAROLOGY,8,,,PERU,4.0,Mdpi,8.0,Public Environmental Occupational Health,17.0,,,FUNDACAO DE APOIO A PESQUISA DO DISTRITO FEDERAL FAPDF,6,,,,,,
2013.0,13.0,,,"Cáceres, Nilton",9,Cell Biology,15.0,1.37 Cardiology - General,6.0,1.37.2220 Veterinary Cardiology,5.0,,,,,UNIVERSIDADE ESTADUAL DE CAMPINAS,14,Federal University Of Pernambuco Life Sciences Center,4,JOURNAL OF ANATOMY,7,,,SOUTH AFRICA,4.0,AMER SOC PARASITOLOGISTS,6.0,Cell Biology,15.0,,,FUNDACAO DE APOIO AO DESENVOLVIMENTO DO ENSINO CIENCIA E TECNOLOGIA DO ESTADO DE MATO GROSSO DO SUL FUNDECT MS,6,,,,,,
2012.0,14.0,,,"Lindsay, David S",9,Medicine Research Experimental,12.0,1.104 Virology - General,5.0,1.81.960 Spermatogenesis,5.0,,,,,FIOCRUZ RESEARCH CENTER RENE RACHOU,12,University Of Buenos Aires Faculty Of Medicine,4,ANATOMISCHER ANZEIGER,6,,,URUGUAY,4.0,Gustav Fischer Verlag Jena,6.0,Biochemistry Molecular Biology,12.0,,,NATIONAL INSTITUTES OF HEALTH NIH USA,5,,,,,,
2011.0,9.0,,,"Schimming, Bruno Cesar",8,Biochemistry Molecular Biology,11.0,1.186 Chromosome Disorders,5.0,3.40.195 Biodiversity Conservation,5.0,,,,,UNIVERSIDADE FEDERAL DE PELOTAS,12,Federal University Of Parana Biological Sciences Sector,3,PARASITOLOGY,6,,,CANADA,3.0,Karger,6.0,Research Experimental Medicine,12.0,,,UNITED STATES DEPARTMENT OF HEALTH HUMAN SERVICES,5,,,,,,
2010.0,14.0,,,"Cardinal, Marta Victoria",8,Developmental Biology,10.0,3.232 Veterinary Sciences,5.0,3.64.864 Evolutionary Dynamics,5.0,,,,,UNIVERSIDADE FEDERAL DO PARANA,12,Federal University Of Parana Department Of Zoology,3,TRANSACTIONS OF THE ROYAL SOCIETY OF TROPICAL MEDICINE AND HYGIENE,6,,,JAPAN,3.0,"Soc Brasileira Zoologia, Univ Federal Parana",6.0,Agriculture,10.0,,,NIH FOGARTY INTERNATIONAL CENTER FIC,4,,,,,,
2009.0,6.0,,,"Herrera, Heitor Miraglia",8,Evolutionary Biology,10.0,1.195 Neuroendocrine & Intestinal Disorders,4.0,1.163.2363 Trichinella Spiralis,4.0,,,,,UNIVERSIDADE FEDERAL DE UBERLANDIA,11,Federal University Of Rio De Janeiro Health Sciences Centre,3,ACTA PARASITOLOGICA,5,,,LITHUANIA,3.0,Frontiers Media Sa,5.0,Developmental Biology,10.0,,,NIH NATIONAL INSTITUTE OF ENVIRONMENTAL HEALTH SCIENCES NIEHS,4,,,,,,
2008.0,13.0,,,"Nogueira, Jose Carlos",7,Genetics Heredity,9.0,1.255 Musculoskeletal Disorders,4.0,1.255.1081 Microgravity Muscle Adaptation,4.0,,,,,NATIONAL UNIVERSITY OF LA PLATA,10,Federal University Of Rio De Janeiro Institute Of Biology,3,ANATOMIA HISTOLOGIA EMBRYOLOGIA,5,,,VENEZUELA,3.0,"Mary Ann Liebert, Inc",5.0,Evolutionary Biology,10.0,,,SWEDISH RESEARCH COUNCIL,4,,,,,,
2007.0,6.0,,,"Jansen, Ana Maria",7,Multidisciplinary Sciences,7.0,1.42 Bacteriology,4.0,3.40.86 Plant Communities,4.0,,,,,INSTITUTO NACIONAL DE TECNOLOGIA AGROPECUARIA INTA,9,Federal University Of Vicosa Centre Of Biological And Health Sciences,3,CELLS TISSUES ORGANS,5,,,BELGIUM,2.0,Public Library Science,5.0,Genetics Heredity,9.0,,,FUNDACAO DE AMPARO A PESQUISA E INOVACAO DO ESTADO DE SANTA CATARINA FAPESC,3,,,,,,
2006.0,10.0,,,"Battesti, Darci Moraes Barros",7,Agriculture Multidisciplinary,6.0,1.5 Neuroscience,4.0,3.64.34 Phylogenetic Relationships,4.0,,,,,EMPRESA BRASILEIRA DE PESQUISA AGROPECUARIA EMBRAPA,8,Macquarie University Faculty Of Science And Engineering,3,INTERNATIONAL JOURNAL FOR PARASITOLOGY PARASITES AND WILDLIFE,5,,,BOLIVIA,2.0,Soc Chilena Anatomia,5.0,Science Technology Other Topics,7.0,,,INSTITUTO OSWALDO CRUZ IOC FIOCRUZ,3,,,,,,
2005.0,5.0,,,"Calchi, Ana Cláudia",6,Environmental Sciences,6.0,1.148 Medical Mycology,3.0,1.104.1788 Parvovirus Infections,3.0,,,,,UNIVERSIDADE CATOLICA DOM BOSCO UCDB,8,The University Of Melbourne Faculty Of Science,3,INTERNATIONAL JOURNAL OF MORPHOLOGY,5,,,CHILE,2.0,Taylor & Francis,5.0,Behavioral Sciences,5.0,,,INTERNATIONAL DEVELOPMENT RESEARCH CENTER ECOHEALTH PROGRAM,3,,,,,,
2004.0,3.0,,,"Vieira, Rafael F.C.",6,Behavioral Sciences,5.0,1.194 Tuberculosis & Leprosy,3.0,1.148.931 Fungal Pathogenesis,3.0,,,,,UNIVERSIDADE FEDERAL DE SANTA CATARINA UFSC,8,The University Of Melbourne School Of Biosciences,3,SEMINA CIENCIAS AGRARIAS,5,,,COLOMBIA,2.0,Univ Estadual Londrina,5.0,Immunology,5.0,,,NATIONAL SCIENCE FOUNDATION NSF,3,,,,,,
2003.0,9.0,,,"Sewell, Herbert",6,Immunology,5.0,1.218 Autonomic Regulation,3.0,1.218.658 Respiratory Control,3.0,,,,,VIRGINIA POLYTECHNIC INSTITUTE STATE UNIVERSITY,8,The University Of Sydney Faculty Of Science,3,TICKS AND TICK BORNE DISEASES,5,,,ECUADOR,2.0,Amer Soc Trop Med & Hygiene,4.0,Pharmacology Pharmacy,5.0,,,PROGRAMA DE POS GRADUACAO EM BIODIVERSIDADE E SAUDE IOC FIOCRUZ,3,,,,,,
2002.0,11.0,,,"Horta, Mauricio Claudio",6,Reproductive Biology,5.0,1.228 Virology - Tropical Diseases,3.0,1.228.994 Viral Hemorrhagic Fevers,3.0,,,,,INSTITUT DE RECHERCHE POUR LE DEVELOPPEMENT IRD,7,Universidade De Sao Paulo Faculdade De Filosofia Ciencias E Letras De Ribeirao Preto,3,VECTOR BORNE AND ZOONOTIC DISEASES,5,,,NEW ZEALAND,2.0,Arquivo Brasileiro Medicina Veterinaria Zootecnia,4.0,Reproductive Biology,5.0,,,SERVICO DE REFERENCIA EM SAUDE AT FUNDACAO OSWALDO CRUZ,3,,,,,,
2001.0,12.0,,,"Rocha Inamassu, Leticia",6,Toxicology,5.0,1.246 Diarrheal Diseases,3.0,1.26.361 Pancreatic Islet Research,3.0,,,,,UNIVERSIDADE ESTADUAL DE LONDRINA,7,Universidade Federal De Minas Gerais Departamento De Genetica Evolucao E Ecologia,3,AMERICAN JOURNAL OF TROPICAL MEDICINE AND HYGIENE,4,,,PORTUGAL,2.0,MEM INST OSWALDO CRUZ,4.0,Toxicology,5.0,,,WORLD HEALTH ORGANIZATION,3,,,,,,
2000.0,14.0,,,"Cavia, Regino",6,Dentistry Oral Surgery Medicine,4.0,1.49 Dentistry & Oral Medicine,3.0,1.49.928 Dental Regeneration,3.0,,,,,UNIVERSIDADE FEDERAL DO TRIANGULO MINEIRO,7,Cornell College Of Veterinary Medicine,2,ARQUIVO BRASILEIRO DE MEDICINA VETERINARIA E ZOOTECNIA,4,,,EGYPT,1.0,MUSEUM NAT HIST NATURELLE,4.0,Dentistry Oral Surgery Medicine,4.0,,,ACEV FOUNDATION,2,,,,,,
1999.0,10.0,,,"Gennari, Solange M",6,Microscopy,4.0,1.7 Neuroscanning,3.0,1.5.1090 Fear Conditioning,3.0,,,,,UNIVERSIDADE FEDERAL RURAL DE PERNAMBUCO UFRPE,7,Costa Rica University Clodomiro Picado Institute,2,BIOTROPICA,4,,,FRENCH GUIANA,1.0,Acad Brasileira De Ciencias,3.0,Microscopy,4.0,,,AMERICAN SOCIETY OF MAMMALOGISTS,2,,,,,,
1998.0,7.0,,,"Santos, Filipe Martins",6,Pathology,4.0,1.137 Sleep Science & Circadian Systems,2.0,3.232.1120 Veterinary Oncology,3.0,,,,,UNIVERSITY OF SYDNEY,7,Emory University Department Of Environmental Studies,2,MEDICAL AND VETERINARY ENTOMOLOGY,4,,,IRAN,1.0,Amer Assoc Zoo Veterinarians,3.0,Pathology,4.0,,,ASOCIACION COOPERADORA INTA RAFAELA,2,,,,,,
1997.0,5.0,,,"Gonçalves, Luiz Ricardo",6,Pharmacology Pharmacy,4.0,1.249 Digestive System Disorders,2.0,1.137.217 Circadian-melatonin,2.0,,,,,FED UNIV MINAS GERAIS,6,Emory University Emory College Of Arts And Sciences,2,VETERINARY PARASITOLOGY REGIONAL STUDIES AND REPORTS,4,,,NETHERLANDS,1.0,"Fundacao Zoobotanica  Rio Grande Sul, Museu Ciencias Naturais",3.0,Psychology,4.0,,,FINANCIADORA DE INOVACAO E PESQUISA FINEP,2,,,,,,
1996.0,5.0,,,"Robalinho, TI",5,Biotechnology Applied Microbiology,3.0,1.36 Ophthalmology,2.0,1.163.1943 Parasitic Zoonoses,2.0,,,,,UNIVERSIDADE FEDERAL DA BAHIA,6,Federal University Of Bahia School Of Veterinary Medicine And Animal Science,2,ACTA SCIENTIAE VETERINARIAE,3,,,PARAGUAY,1.0,KnowledgeWorks Global Ltd-KGL,3.0,Biotechnology Applied Microbiology,3.0,,,FUNDACAO ARAUCARIA DE APOIO AO DESENVOLVIMENTO CIENTIFICO E TECNOLOGICO DO ESTADO DO PARANA FA,2,,,,,,
1995.0,8.0,,,"Richini-Pereira, Virginia Bodelão",5,Endocrinology Metabolism,3.0,1.43 Anesthesiology,2.0,1.194.273 Tb Diagnostics & Treatment,2.0,,,,,UNIVERSIDADE FEDERAL DE MATO GROSSO,6,Federal University Of Mato Grosso Do Sul Faculty Of Medicine,2,ANAIS DA ACADEMIA BRASILEIRA DE CIENCIAS,3,,,PEOPLES R CHINA,1.0,Soc Brasileira Medicina Tropical,3.0,Endocrinology Metabolism,3.0,,,INSTITUTO NACIONAL DE TECNOLOGIA AGROPECUARIA INTA,2,,,,,,
1994.0,2.0,,,"Langoni, Helio",5,Fisheries,3.0,1.82 Gait & Posture,2.0,1.195.1096 Gastrin/cck Functions,2.0,,,,,UNIVERSIDADE FEDERAL DO RIO DE JANEIRO,6,Federal University Of Rio De Janeiro Department Of Ecology,2,CELL AND TISSUE RESEARCH,3,,,SINGAPORE,1.0,Univ Fed Rio Grande Do Sul,3.0,Fisheries,3.0,,,INSTITUTO OSWALDO CRUZ,2,,,,,,
1993.0,3.0,,,"Porfirio, Grasiela E O",5,Paleontology,3.0,1.106 Rheumatology,1.0,1.246.985 Cryptosporidium,2.0,,,,,UNIVERSIDADE FEDERAL RURAL DO RIO DE JANEIRO UFRRJ,6,Federal University Of Rio Grande Do Sul Department Of Zoology,2,COMPARATIVE BIOCHEMISTRY AND PHYSIOLOGY B BIOCHEMISTRY MOLECULAR BIOLOGY,3,,,SWEDEN,1.0,WITOLD STEFANSKI INST PARASITOLOGY,3.0,Paleontology,3.0,,,INTA,2,,,,,,
1992.0,4.0,,,"Soares, Rodrigo M",5,Psychology Multidisciplinary,3.0,1.132 Extracellular Matrix & Cell Differentiation,1.0,1.249.1631 Intestinal Transport,2.0,,,,,PONTIFICIA UNIVERSIDADE CATOLICA DE MINAS GERAIS,5,Federal University Of Rio Grande Do Sul Institute Of Biosciences,2,DEVELOPMENTAL AND COMPARATIVE IMMUNOLOGY,3,,,SWITZERLAND,1.0,"Wildlife Disease Assoc, Inc",3.0,Mycology,2.0,,,JAPAN SOCIETY FOR THE PROMOTION OF SCIENCE,2,,,,,,
1991.0,4.0,,,"Speer, C. A.",5,Agriculture Dairy Animal Science,2.0,1.134 Trauma & Emergency Surgery,1.0,1.26.831 Glp-1,2.0,,,,,UNIVERSIDADE FEDERAL DO VALE DO SAO FRANCISCO,5,Liverpool John Moores University Faculty Of Health,2,ECOHEALTH,3,,,WALES,1.0,Amer Assoc Avian Pathologists,2.0,Plant Sciences,2.0,,,MINISTRY OF EDUCATION CULTURE SPORTS SCIENCE AND TECHNOLOGY JAPAN MEXT,2,,,,,,
1990.0,4.0,,,"Barreto, Wanessa",5,Agronomy,2.0,1.152 Molecular & Cell Biology - Dna Damage,1.0,1.42.1750 Yersinia Pathogenesis,2.0,,,,,UNIVERSITY OF ABERDEEN,5,Liverpool John Moores University School Of Psychology,2,GENERAL AND COMPARATIVE ENDOCRINOLOGY,3,,,,,Amer Psychological Assoc,2.0,Virology,2.0,,,NATIONAL GEOGRAPHIC SOCIETY,2,,,,,,
1989.0,2.0,,,Alfredo J. P. Barbosa,5,Mycology,2.0,1.158 Dermatology - General,1.0,1.42.376 Salmonella And Campylobacter,2.0,,,,,UNIVERSITY SYSTEM OF OHIO,5,National University Of La Plata Faculty Of Veterinary Sciences,2,IHERINGIA SERIE ZOOLOGIA,3,,,,,Carnegie Museum Natural History,2.0,Chemistry,1.0,,,RESEARCH PROGRAM FOR THE UNIFIED HEALTH SYSTEM PPSUS FAPESP CNPQ NATIONAL COUNCIL FOR SCIENTIFIC AND TECHNOLOGICAL DEVELOPMENT,2,,,,,,
1988.0,5.0,,,"Nantes, Wesley",5,Plant Sciences,2.0,1.159 Membrane Channels & Receptors,1.0,1.81.176 Male Fertility,2.0,,,,,INSTITUTO ADOLFO LUTZ,4,State University Of Campinas Faculty Of Medical Sciences,2,JOURNAL OF EUKARYOTIC MICROBIOLOGY,3,,,,,Csiro Publishing,2.0,Forestry,1.0,,,SECRETARIA DE CIENCIA Y TECNOLOGIA SECYT,2,,,,,,
1987.0,7.0,,,"França, Raqueli Teresinha",5,Psychology,2.0,1.161 Virology - Identification & Sequencing,1.0,3.35.683 Reptile Ecology,2.0,,,,,INSTITUTO BUTANTAN,4,The Ohio State University College Of Veterinary Medicine,2,JOURNAL OF MEDICAL ENTOMOLOGY,3,,,,,Inst Histol Embriol-Conicet,2.0,Neurosciences Neurology,1.0,,,WELLCOME TRUST,2,,,,,,
1986.0,6.0,,,"Vieira, Thallitha",5,Virology,2.0,1.23 Antibiotics & Antimicrobials,1.0,3.64.612 Pollination,2.0,,,,,OHIO STATE UNIVERSITY,4,The University Of Oklahoma College Of Arts And Sciences,2,JOURNAL OF WILDLIFE DISEASES,3,,,,,Iop Publishing Ltd,2.0,Urban Studies,1.0,,,ACADEMY ECOLOGY FUNDS OF ROYAL NETHERLANDS ACADEMY OF ARTS AND SCIENCES,1,,,,,,
1985.0,6.0,,,"Xavier, Samanta Cristina das Chagas",5,Biochemical Research Methods,1.0,1.235 Throat & Voice Disorders,1.0,3.64.71 Genetic Diversity,2.0,,,,,UNIVERSIDADE DO ESTADO DO RIO DE JANEIRO,4,The University Of Oklahoma Department Of Biology,2,JOURNAL OF ZOO AND WILDLIFE MEDICINE,3,,,,,KLUWER ACADEMIC PUBL,2.0,,,,,AGENCIA DE PROMOCION CIENTIFICA Y TECNICA ARGENTINA,1,,,,,,
1984.0,9.0,,,"BARBOSA, E",5,Chemistry Analytical,1.0,1.248 Sexually Transmitted Infections,1.0,1.104.1933 Porcine Viral Challenges,1.0,,,,,UNIVERSIDADE ESTADUAL DE SANTA CRUZ,4,The University Of Sydney School Of Veterinary Science,2,MAMMALIAN BIOLOGY,3,,,,,Magnolia Press,2.0,,,,,AGENCIA I D I FROM ARGENTINA,1,,,,,,
1983.0,1.0,,,"Ramirez, Diego",5,Chemistry Medicinal,1.0,1.308 Radioactive Tracers,1.0,1.104.568 Viral Disease Dynamics,1.0,,,,,UNIVERSIDADE FEDERAL DA PARAIBA,4,Universidade De Sao Paulo Departamento De Ciencias Florestais,2,PARASITOLOGY INTERNATIONAL,3,,,,,Royal Soc London,2.0,,,,,AGENCIA NACIONAL DE PROMOTION CIENTIFICA Y TECNOLOGICA PICT,1,,,,,,
1982.0,5.0,,,"Enriquez, Gustavo Fabian",5,Forestry,1.0,1.54 Molecular & Cell Biology - Genetics,1.0,1.106.1420 Sjogren's Syndrome,1.0,,,,,UNIVERSIDADE FEDERAL DE SAO CARLOS,4,Universidade De Sao Paulo Departamento De Ecologia,2,PATHOGENS,3,,,,,SPRINGER INT PUBL AG,2.0,,,,,AGENCIA NACIONAL DE PROMOTION CIENTIFICA Y TECNOLOGICA PICTO GLAXO,1,,,,,,
1981.0,1.0,,,"D'Andrea, Paulo S.",5,Neurosciences,1.0,1.68 Lipids,1.0,1.132.1265 Craniosynostosis & Fgfr,1.0,,,,,UNIVERSIDADE FEDERAL DO PIAUI,4,Universidade De Sao Paulo Departamento De Epidemiologia,2,PLOS ONE,3,,,,,Soc Protozoologists,2.0,,,,,AMERICAN SOCIETY FOR ICHTHYOLOGISTS AND HERPETOLOGISTS GAIGE FUND AWARD,1,,,,,,
1979.0,1.0,,,"Lages-Silva, Eliane",4,Ornithology,1.0,1.80 Bone Diseases,1.0,1.134.1678 Ocular And Ballistic Trauma,1.0,,,,,UNIVERSIDADE FEDERAL DO RIO GRANDE,4,Universidade De Sao Paulo Escola Superior De Agricultura Luiz De Queiroz Departamento De Ciencias Biologicas,2,REVISTA BRASILEIRA DE ZOOLOGIA,3,,,,,Soc Reproduction Fertility,2.0,,,,,APDL ARS IS PART OF THE USDA S CURRENT RESEARCH INFORMATION SYSTEM CRIS PROJECT FOODBORNE PARASITES AND THEIR IMPACT ON FOOD SAFETY,1,,,,,,
1977.0,1.0,,,"Romanha, Alvaro",4,Psychology Biological,1.0,2.1 Synthesis,1.0,1.152.257 Repair Mechanisms,1.0,,,,,UNIVERSITA DEGLI STUDI DI BARI ALDO MORO,4,Universidade De Sao Paulo Faculdade De Medicina De Ribeirao Preto Departamento De Clinica Medica,2,REVISTA DA SOCIEDADE BRASILEIRA DE MEDICINA TROPICAL,3,,,,,Swets Zeitlinger Publishers,2.0,,,,,ASOCIACION COOPERADORA INTA RAFAELA AND AGENCIA NACIONAL DE PROMOCION CIENTIFICA Y TECNOLOGICA,1,,,,,,
1976.0,1.0,,,"Borges Silva, Gerluza Aparecida",4,Psychology Experimental,1.0,"2.165 Nanofibers, Scaffolds & Fabrication",1.0,1.158.918 Melanogenesis Mechanisms,1.0,,,,,AIX MARSEILLE UNIVERSITE,3,Universidade De Sao Paulo Faculdade De Saude Publica,2,STUDIES ON NEOTROPICAL FAUNA AND ENVIRONMENT,3,,,,,"Systematic & Applied Acarology Soc London, Natural History Museum",2.0,,,,,ASSOCIATION OF FIELD ORNITHOLOGISTS,1,,,,,,
,,,,"Marcili, Arlei",4,Urban Studies,1.0,2.176 Drug Delivery Chemistry,1.0,1.159.518 Adrenoceptor Pharmacology,1.0,,,,,CENTRE NATIONAL DE LA RECHERCHE SCIENTIFIQUE CNRS,3,Universidade De Sao Paulo Instituto De Biociencias,2,TOXICON,3,,,,,AMER ASSOC DENTAL RESEARCH,1.0,,,,,AUSTRALIAN RESEARCH COUNCIL,1,,,,,,
,,,,"Venturini, L",4,,,3.32 Entomology,1.0,1.161.1662 Poxvirus Immunology,1.0,,,,,COMPLUTENSE UNIVERSITY OF MADRID,3,University Of Bari Department Of Veterinary Medicine,2,ZOOLOGIA,3,,,,,ASSN ADVAN ZOOLOGY,1.0,,,,,AYES ARGENTINAS,1,,,,,,
,,,,"Chiarini-Garcia, Helio",4,,,"3.60 Herbicides, Pesticides & Ground Poisoning",1.0,1.163.1106 Echinococcosis,1.0,,,,,CONICET UBA,3,University Of Brasilia Department Of Zoology,2,ANATOMY AND EMBRYOLOGY,2,,,,,ASSOC TROPICAL BIOLOGY INC,1.0,,,,,BAE PET BOLSA,1,,,,,,
,,,,"Canfield, P.",4,,,3.83 Bioengineering,1.0,1.163.446 Schistosomiasis,1.0,,,,,CORNELL UNIVERSITY,3,University Of Brasilia Faculty Of Medicine,2,ANNALS OF ANATOMY ANATOMISCHER ANZEIGER,2,,,,,Allen Press Inc,1.0,,,,,BIC UFRGS,1,,,,,,
,,,,"Chemisquy, María",4,,,,,1.194.2768 Leprosy Epidemiology,1.0,,,,,EMBRAPA GADO CORTE,3,University Of Costa Rica Faculty Of Microbiology,2,ANNALS OF CARNEGIE MUSEUM,2,,,,,Amer Entomol Soc,1.0,,,,,BRAZILIAN NATIONAL COUNSEL OF SCIENTIFIC AND TECHNOLOGICAL DEPEVOPMENT CNPQ BRAZIL,1,,,,,,
,,,,"FALTAY, P",4,,,,,1.195.1341 Enteric Nervous System,1.0,,,,,IMPERIAL COLLEGE LONDON,3,University Of Nebraska State Museum,2,ARCHIVES OF ORAL BIOLOGY,2,,,,,Amer Soc Mammalogists,1.0,,,,,BRAZILIAN RESEARCH FUNDING AGENCY CAPES FEDERAL AGENCY FOR THE SUPPORT AND IMPROVEMENT OF HIGHER EDUCATION,1,,,,,,
,,,,"Kwok, Oliver",4,,,,,1.195.578 Neuropeptide Roles,1.0,,,,,INST BRASILEIRO MED CONSERVACAO TRIADE,3,Autonomous University Of Madrid Faculty Of Medicine,1,AVIAN DISEASES,2,,,,,Asociacion Argentina Microbiologia,1.0,,,,,BRAZILIAN RESEARCH FUNDING AGENCY FAPESP SAO PAULO RESEARCH FOUNDATION,1,,,,,,
,,,,"Machado, Claudia Ribeiro",4,,,,,1.23.1397 Urinary Tract Infection,1.0,,,,,INSTITUTE NACIONAL DE PESQUISAS DA AMAZONIA,3,Bangor University College Of Environmental Sciences And Engineering,1,BRAZILIAN JOURNAL OF INFECTIOUS DISEASES,2,,,,,Asociacion Espanola Ecologia Terrestre,1.0,,,,,BRITISH ORNITHOLOGISTS UNION,1,,,,,,
,,,,"Ladosky, Waldemar",4,,,,,1.235.1185 Voice Disorders,1.0,,,,,LONDON SCHOOL OF HYGIENE TROPICAL MEDICINE,3,Bangor University School Of Natural Sciences,1,BRAZILIAN JOURNAL OF MICROBIOLOGY,2,,,,,Assoc Avian Veterinarians,1.0,,,,,BRITISH RESEARCH COUNCIL,1,,,,,,
,,,,"Marangoni, Sergio",4,,,,,1.246.710 Enteric Viruses,1.0,,,,,MACQUARIE UNIVERSITY,3,California Animal Health And Food Safety Laboratory System,1,ELECTRON MICROSCOPY 1998 VOL 4,2,,,,,Assoc Brasileira Ciencia Ecologica E Conservacao,1.0,,,,,BRITISH RESEARCH COUNCIL UNDER THE RESEARCH LINKS PROGRAM,1,,,,,,
,,,,"Redins, CA",4,,,,,1.248.2104 Trichomonas Vaginalis,1.0,,,,,MINIST SALUD NAC,3,Cayetano Heredia Pervuvian University Alexander Von Humboldt Institute Of Tropical Medicine,1,FRONTIERS IN ECOLOGY AND EVOLUTION,2,,,,,Bioscientifica Ltd,1.0,,,,,CANADIAN INTERNATIONAL DEVELOPMENT AGENCY,1,,,,,,
,,,,"Teixeira, Carlos Roberto",4,,,,,1.26.1099 Insulin Signaling,1.0,,,,,MONTANA STATE UNIVERSITY BOZEMAN,3,Central University Of Venezuela Faculty Of Science,1,GENETICA,2,,,,,C S I R O PUBLICATIONS,1.0,,,,,CAPES 194 SANDWICH PHD PROGRAM,1,,,,,,
,,,,"Schweigmann, N. J.",4,,,,,1.308.1450 Technetium Radiopharmaceuticals,1.0,,,,,MONTANA STATE UNIVERSITY SYSTEM,3,Complexo Hospitalar Universitario Professor Edgard Santos,1,HISTOCHEMICAL JOURNAL,2,,,,,Canadian Science Publishing,1.0,,,,,CENTRE FOR CONSERVATION OF WILD FAUNA CCWF SAO PAULO BRAZIL,1,,,,,,
,,,,"Candido Soares, Joyce Cristina",4,,,,,1.36.212 Genetic Retinopathies,1.0,,,,,MUSEO ARGENTINO DE CIENCIAS NATURALES BERNARDINO RIVADAVIA MACN,3,Complutense University Of Madrid Faculty Of Veterinary,1,INTERNATIONAL JOURNAL FOR PARASITOLOGY,2,,,,,Cevap-Sao Paulo State Univ-Unesp,1.0,,,,,CGIAR,1,,,,,,
,,,,Luis Fernando Pita Gondim,4,,,,,1.36.686 Ocular Surface Disorders,1.0,,,,,NATIONAL INSTITUTES OF HEALTH NIH USA,3,Cornell University Cornell Laboratory Of Ornithology,1,JOURNAL OF COMPARATIVE PATHOLOGY,2,,,,,Editrice Compositori Bologna,1.0,,,,,CLEVELAND ZOO,1,,,,,,
,,,,"Giannini, Norberto P.",4,,,,,1.37.467 Echocardiography,1.0,,,,,NATIONAL UNIVERSITY OF CORDOBA,3,Cornell University Department Of Population Medicine And Diagnostic Sciences,1,JOURNAL OF COMPARATIVE PSYCHOLOGY,2,,,,,Funpec-Editora,1.0,,,,,CNPQ PRODUCTIVITY GRANT,1,,,,,,
,,,,"Wisnivesky-Colli, Cristina",4,,,,,1.43.135 Neuropathic Pain,1.0,,,,,NATIONAL UNIVERSITY OF THE LITTORAL,3,Duke University Department Of Biology,1,JOURNAL OF HEREDITY,2,,,,,Gustav Fischer Verlag,1.0,,,,,COLUMBUS ZOO AND AQUARIUM,1,,,,,,
,,,,"Mamprim, Maria Jaqueline",4,,,,,1.43.1642 Veterinary Anesthesia,1.0,,,,,NATURE RESEARCH CENTER LITHUANIA,3,Duke University Trinity College Of Arts And Sciences,1,JOURNAL OF MAMMALIAN EVOLUTION,2,,,,,Helminthological Soc Washington,1.0,,,,,COMPANHIA ENERGETICA DE MINAS GERAIS CEMIG BRAZIL,1,,,,,,
,,,,"de Matos, Andressa Maria Rorato Nascimento",4,,,,,1.5.941 Oxytocin And Vasopressin,1.0,,,,,SECRETARIA MUNICIPAL SAUDE,3,Escola Veterinary Ufmg,1,JOURNAL OF MORPHOLOGY,2,,,,,Herpetological Conservation & Biology,1.0,,,,,CONICET UNAM BY CONICET PIP 2022 2024,1,,,,,,
,,,,"Enrique Ramirez, Luis",4,,,,,1.54.1546 Nuclear Architecture Dynamics,1.0,,,,,UNIVERSIDAD DE LA REPUBLICA URUGUAY,3,Federal University Of Minas Gerais Department Of Zoology,1,JOURNAL OF SUBMICROSCOPIC CYTOLOGY AND PATHOLOGY,2,,,,,Hindawi Publishing Group,1.0,,,,,CONSEJO NACIONAL DE CIENCIA Y TECNOLOGIA CONACYT,1,,,,,,
,,,,"PENA, HILDA F J",4,,,,,1.68.69 Lipoprotein Metabolism,1.0,,,,,UNIVERSIDAD NACIONAL DE TUCUMAN,3,Federal University Of Pelotas Technological Development Center,1,JOURNAL OF VENOMOUS ANIMALS AND TOXINS INCLUDING TROPICAL DISEASES,2,,,,,"Inst Biologia, Univ Nacional Autonoma Mexico",1.0,,,,,COORDENACAO DE APERFEICOAMENTO DE PESSOA DE NIVEL SUPERIOR BRASIL CAPES,1,,,,,,
,,,,"Abdala, Fernando",4,,,,,1.7.203 Visual Perception,1.0,,,,,UNIVERSIDADE ESTADUAL DE GOIAS,3,Federal University Of Pernambuco Centre Of Technology And Geosciences School Of Engineering Of Pernambuco,1,MAMMAL RESEARCH,2,,,,,Inst Nacional Pesquisas Amazonia,1.0,,,,,COORDENAO DE APERFEIOAMENTO DE PESSOAL DE NVEL SUPERIOR,1,,,,,,
,,,,"Ferreira, Fernanda Pinto",4,,,,,1.7.661 Saccades,1.0,,,,,UNIVERSIDADE ESTADUAL DE MARINGA,3,Federal University Of Pernambuco Department Of Geology,1,MICROSCOPIA ELECTRONICA Y BIOLOGIA CELULAR,2,,,,,Inst Tecnologia Parana,1.0,,,,,COORDENAÇÃO DE APERFEIÇOAMENTO DE PESSOAL DE NÍVEL SUPERIOR,1,,,,,,
,,,,"de Macedo, Gabriel Carvalho",4,,,,,1.7.694 Theory Of Mind,1.0,,,,,UNIVERSIDADE ESTADUAL DO MARANHAO,3,Federal University Of Rio De Janeiro Department Of Genetics,1,PARASITES VECTORS,2,,,,,Int Inst Ecology,1.0,,,,,COORDINATION FOR THE IMPROVEMENT OF HIGHER EDUCATION PERSONNEL BRAZIL CAPES,1,,,,,,
,,,,"Gentile, Rosana",4,,,,,1.80.279 Vitamin D,1.0,,,,,UNIVERSIDADE FEDERAL DE VICOSA,3,Federal University Of Rio De Janeiro Forum Of Science And Culture,1,PLOS NEGLECTED TROPICAL DISEASES,2,,,,,J Infection Developing Countries,1.0,,,,,CORNELL LAB OF ORNITHOLOGY,1,,,,,,
,,,,"Szabó, Matias Pablo Juan PJ",4,,,,,1.82.751 Myoelectric Control,1.0,,,,,UNIVERSIDADE FEEVALE,3,Federal University Of Rio Grande Do Norte Health Sciences Centre,1,PROTEIN JOURNAL,2,,,,,Museu Nacional-Univ Federal Do Rio De Janeiro,1.0,,,,,CPQRR FIOCRUZ MG,1,,,,,,
,,,,"Perles, Livia",4,,,,,1.82.875 Spinal Cord Injury,1.0,,,,,UNIVERSIDADE LUTERANA DO BRASIL,3,Federal University Of Rio Grande Do Sul Faculty Of Veterinary Medicine,1,REPRODUCTION,2,,,,,NATURE PORTFOLIO,1.0,,,,,DEPARTMENT OF FORESTRY AND RENEWABLE FOREST RESOURCES,1,,,,,,
,,,,"Hannibal, Wellington",4,,,,,2.1.2310 Ozone Chemistry,1.0,,,,,UNIVERSITY OF CALIFORNIA DAVIS,3,Federal University Of Rio Grande Do Sul Institute Of Basic Health Sciences,1,SYSTEMATIC AND APPLIED ACAROLOGY,2,,,,,Nuova Immagine Editrice,1.0,,,,,DIVISION OF INTRAMURAL RESEARCH WITHIN THE NATIONAL INSTITUTE OF ALLERGY AND INFECTIOUS DISEASES NIAID USA AT THE NATIONAL INSTITUTES OF HEALTH NIH USA,1,,,,,,
,,,,"Schijman, A. G.",4,,,,,2.165.679 Additive Manufacturing,1.0,,,,,UNIVERSITY OF CALIFORNIA SYSTEM,3,Federal University Of Vicosa Centre Of Biological And Health Sciences Department Of Biochemistry And Molecular Biology,1,TRANSBOUNDARY AND EMERGING DISEASES,2,,,,,Pensoft Publishers,1.0,,,,,ECOTOP S R L,1,,,,,,
,,,,"Melo, Geruza Leal",4,,,,,2.176.140 Oral Delivery,1.0,,,,,UNIVERSITY OF LONDON,3,Federal University Of Vicosa Department Of Entomology,1,VIRUSES BASEL,2,,,,,Psychonomic Soc Inc,1.0,,,,,ELISE MATHILDE FONDS OF LEIDS UNIVERSITEITS FONDS,1,,,,,,
,,,,"Allegretti, Silmara Marques",3,,,,,3.232.1281 Veterinary Reproductive Health,1.0,,,,,UNIVERSITY OF MELBOURNE,3,Federal University Of Vicosa Department Of Veterinary,1,WILDLIFE RESEARCH,2,,,,,REV LATINOAMER PSICOL,1.0,,,,,EMPRESA BRASILEIRA DE PESQUISA AGROPECUARIA EMBRAPA,1,,,,,,
,,,,"Sangioni, Luis Antonio",3,,,,,3.232.1715 Canine Orthopedics,1.0,,,,,UNIVERSITY OF NORTH CAROLINA,3,Gifu University Faculty Of Applied Biological Sciences Graduate School Of Applied Biological Sciences,1,ZOOLOGISCHER ANZEIGER,2,,,,,ROYAL SOC TROPICAL MEDICINE,1.0,,,,,ERIC GUILER FOUNDATION,1,,,,,,
,,,,"Ponce-Soto, Luis Alberto",3,,,,,3.32.1638 Forensic Entomology,1.0,,,,,UNIVERSITY OF NORTH CAROLINA CHARLOTTE,3,Institute Biology Leiden University,1,ZOOMORPHOLOGY,2,,,,,Revista De Saude Publica,1.0,,,,,ESRI CONSERVATION PROGRAM,1,,,,,,
,,,,"Vogel, Fernanda Silveira Flores",3,,,,,3.35.33 Avian Ecology,1.0,,,,,UNIVERSITY OF NOTTINGHAM,3,Institute Biomed Science University Sao Paulo,1,ZOOTAXA,2,,,,,Soc Brasil Genetica,1.0,,,,,EUROPEAN FUNDS THROUGH COMPETE BY THE FCT,1,,,,,,
,,,,Fernando Spilki,3,,,,,3.35.434 Sexual Selection,1.0,,,,,UNIVERSITY OF WITWATERSRAND,3,Kafrelsheikh University Faculty Of Veterinary Medicine,1,ACTA AMAZONICA,1,,,,,Soc Brasileira Entomologia,1.0,,,,,EUROPEAN UNION EU,1,,,,,,
,,,,"Fornazari, Felipe",3,,,,,3.35.693 Primate Behavior,1.0,,,,,AMERICAN MUSEUM OF NATURAL HISTORY AMNH,2,Kochi Medical School,1,ACTA ANATOMICA,1,,,,,Soc Brasileira Paleontologia,1.0,,,,,EXPLORERS CLUB,1,,,,,,
,,,,"Fournier, Gislene",3,,,,,3.40.838 Rangeland Dynamics,1.0,,,,,COMISION NACIONAL DE ENERGIA ATOMICA CNEA,2,Leiden University Faculty Of Science,1,ACTA HISTOCHEMICA,1,,,,,Soc Nouvelle Publ Medicales Dentaires,1.0,,,,,FACEPE MSC,1,,,,,,
,,,,"da Silva, Rodrigo Costa",3,,,,,3.60.548 Cholinesterase Inhibition,1.0,,,,,EMBRAPA PANTANAL,2,Liverpool School Of Tropical Medicine Centre For Snakebite Research Interventions,1,ACTA THERIOLOGICA,1,,,,,Soc Vector Ecology,1.0,,,,,FACEPE PIBIC,1,,,,,,
,,,,"Talamoni, Sônia Aparecida",3,,,,,3.83.167 Microbial Diversity,1.0,,,,,EMORY UNIVERSITY,2,Louisiana State University College Of Agriculture,1,ACTA ZOOLOGICA,1,,,,,Univ Federal Rural Pernambuco,1.0,,,,,FAPERGS RESEARCH SUPPORT FOUNDATION OF THE RIO GRANDE DO SUL STATE FAPERGS,1,,,,,,
,,,,"Oliveira, Glauber",3,,,,,,,,,,,FAC CIENCIAS EXACTAS NAT BUENOS AIRES,2,Louisiana State University School Of Renewable Natural Resources,1,AGRICULTURE ECOSYSTEMS ENVIRONMENT,1,,,,,Univ Federal Santa Maria,1.0,,,,,FINEP FUNDING AUTHORITY FOR STUDIES,1,,,,,,
,,,,"Connolly, Joanne H",3,,,,,,,,,,,INST CHICO MENDES CONSERVACAO BIODIVERSIDADE,2,Massey University College Of Sciences,1,ANATOMIA HISTOLOGIA EMBRYOLOGIA JOURNAL OF VETERINARY MEDICINE SERIES C,1,,,,,Univ Federation Animal Welfare,1.0,,,,,FIOCRUZ,1,,,,,,
,,,,"andreotti, renato",3,,,,,,,,,,,INSTITUTO FEDERAL FARROUPILHA,2,Massey University School Of Veterinary Science,1,ANATOMIA HISTOLOGIA EMBRYOLOGIA JOURNAL OF VETERINARY MEDICINE SERIES C ZENTRALBLATT FUR VETERINARMEDIZIN REIHE C,1,,,,,Verlag Paul Parey,1.0,,,,,FONCYT,1,,,,,,
,,,,"Dantas-Torres, Filipe",3,,,,,,,,,,,LIVERPOOL JOHN MOORES UNIVERSITY,2,Mississippi State University College Of Veterinary Medicine,1,ANATOMICAL RECORD,1,,,,,Wilson Ornithological Soc,1.0,,,,,FONCYT PICT 2019,1,,,,,,
,,,,"Cutolo, Andre A",3,,,,,,,,,,,MAX PLANCK SOCIETY,2,Mississippi State University Division Of Agriculture Forestry And Veterinary Medicine,1,ANATOMICAL RECORD ADVANCES IN INTEGRATIVE ANATOMY AND EVOLUTIONARY BIOLOGY,1,,,,,,,,,,,FUJB,1,,,,,,
,,,,"Motoie, Gabriela",3,,,,,,,,,,,MUSEO LA PLATA,2,Museu Nacional Ufrj,1,ANIMAL BEHAVIOUR,1,,,,,,,,,,,FUNDACAO DE AMPARO A PESQUISA DO ESTADO DA BAHIA FAPESB,1,,,,,,
,,,,"Kindel, Andreas",3,,,,,,,,,,,NIH NATIONAL INSTITUTE OF ALLERGY INFECTIOUS DISEASES NIAID,2,National University Of Singapore Department Of Biological Sciences,1,ANIMAL COGNITION,1,,,,,,,,,,,FUNDACAO DE AMPARO A PESQUISA DO ESTADO DEMATO GROSSO DO SUL,1,,,,,,
,,,,"De Santi, Mariele",3,,,,,,,,,,,UNIV NACL AUTONOMA,2,National University Of Singapore Department Of Pharmacology,1,ANIMAL CONSERVATION,1,,,,,,,,,,,FUNDACAO DE AMPARO A PESQUISA DO ESTADO DO GOIAS FAPEG,1,,,,,,
,,,,"Aguiar, Daniel Moura",3,,,,,,,,,,,UNIV NACL LA RIOJA UNLAR,2,National University Singapore Faculty Of Science,1,ANIMAL LEARNING BEHAVIOR,1,,,,,,,,,,,FUNDACAO DE AMPARO A PESQUISA E DESENVOLVIMENTO CIENTIFICO DO MARANHAO FAPEMA,1,,,,,,
,,,,"Steindel, Mario",3,,,,,,,,,,,UNIVERSIDAD COSTA RICA,2,Oberlin College And Conservatory College Of Arts And Sciences,1,ANIMAL REPRODUCTION SCIENCE,1,,,,,,,,,,,FUNDACAO DE AMPARO A PESQUISA E INOVACAO DO ESPIRITO SANTO FAPES BRAZIL,1,,,,,,
,,,,"Marson, Pamela M M Merlo",3,,,,,,,,,,,UNIVERSIDAD DE CONCEPCION,2,Oberlin College And Conservatory Department Of Biology,1,ANIMAL WELFARE,1,,,,,,,,,,,FUNDACAO DE APOIO A CIENCIA E TECNOLOGIA DE PERNAMBUCO,1,,,,,,
,,,,"Vieira, Emerson Monteiro",3,,,,,,,,,,,UNIVERSIDAD MAYOR DE SAN ANDRES,2,Oklahoma Museum Of Natural History,1,ANIMALS,1,,,,,,,,,,,FUNDACAO DE APOIO A PESQUISA FAP DF,1,,,,,,
,,,,"Astúa, Diego",3,,,,,,,,,,,UNIVERSIDAD NACIONAL DEL NOROESTE DE LA PROVINCIA DE BUENOS AIRES,2,Paraiba Federal University Centre For Applied And Natural Sciences,1,ARQUIVOS DE BIOLOGIA E TECNOLOGIA,1,,,,,,,,,,,FUNDACAO GRUPO BOTICARIO PROCESS,1,,,,,,
