Publication Years,Publication Years_Count,Document Types,Document Types_Count,Researcher Profiles,Researcher Profiles_Count,Web of Science Categories,Web of Science Categories_Count,Citation Topics Meso,Citation Topics Meso_Count,Citation Topics Micro,Citation Topics Micro_Count,Sustainable Development Goals,Sustainable Development Goals_Count,Web of Science Index,Web of Science Index_Count,Affiliations,Affiliations_Count,Affiliation with Department,Affiliation with Department_Count,Publication Titles,Publication Titles_Count,Languages,Languages_Count,Countries/Regions,Countries/Regions_Count,Publishers,Publishers_Count,Research Areas,Research Areas_Count,Open Access,Open Access_Count,Funding Agencies,Funding Agencies_Count,Book Series Titles,Book Series Titles_Count
2023.0,1.0,Article,62.0,"Fernandez, Fernando A. S.",12,Zoology,30.0,3.35 Zoology & Animal Ecology,36.0,3.35.721 Rodent Ecology,35.0,15 Life On Land,57.0,Science Citation Index Expanded (SCI-EXPANDED),64.0,UNIVERSIDADE FEDERAL DO RIO DE JANEIRO,21.0,Federal University Of Rio De Janeiro Health Sciences Centre,19.0,JOURNAL OF TROPICAL ECOLOGY,6.0,English,62.0,BRAZIL,56.0,Springer Nature,9.0,Zoology,30.0,All Open Access,22.0,CONSELHO NACIONAL DE DESENVOLVIMENTO CIENTIFICO E TECNOLOGICO CNPQ,19.0,Springer Earth System Sciences,1.0
2022.0,2.0,Editorial Material,3.0,Marcus Vieira,5,Ecology,19.0,3.64 Phylogenetics & Genomics,8.0,3.40.195 Biodiversity Conservation,7.0,13 Climate Action,47.0,Book Citation Index – Science (BKCI-S),1.0,UNIVERSIDADE DE SAO PAULO,10.0,Federal University Of Rio De Janeiro Institute Of Biology,19.0,JOURNAL OF MAMMALOGY,5.0,Portuguese,3.0,USA,6.0,Cambridge Univ Press,7.0,Environmental Sciences Ecology,19.0,Gold,13.0,COORDENACAO DE APERFEICOAMENTO DE PESSOAL DE NIVEL SUPERIOR CAPES,11.0,,
2021.0,1.0,Book Chapters,1.0,"Vieira, Emerson Monteiro",5,Biodiversity Conservation,7.0,3.40 Forestry,7.0,1.186.670 Chromosomal Evolution,5.0,14 Life Below Water,8.0,Social Sciences Citation Index (SSCI),1.0,UNIVERSIDADE ESTADUAL DE CAMPINAS,8.0,Federal University Of Rio De Janeiro Department Of Ecology,17.0,MAMMALIAN BIOLOGY,5.0,,,FRANCE,4.0,Elsevier,7.0,Biodiversity Conservation,7.0,Free to Read,5.0,FUNDACAO DE AMPARO A PESQUISA DO ESTADO DE SAO PAULO FAPESP,7.0,,
2018.0,1.0,,,"Brito, Daniel",3,Genetics Heredity,7.0,1.186 Chromosome Disorders,5.0,3.64.34 Phylogenetic Relationships,5.0,03 Good Health And Well Being,5.0,,,UNIVERSIDADE FEDERAL DE MINAS GERAIS,6.0,Federal University Of Parana Biological Sciences Sector,3.0,REVISTA BRASILEIRA DE ZOOLOGIA,5.0,,,PORTUGAL,3.0,Wiley,7.0,Genetics Heredity,7.0,Green Published,3.0,FUNDACAO CARLOS CHAGAS FILHO DE AMPARO A PESQUISA DO ESTADO DO RIO DE JANEIRO FAPERJ,4.0,,
2017.0,3.0,,,"Pires, Alexandra Dos Santos",3,Parasitology,5.0,8.93 Archaeology,4.0,8.93.805 Mammalia,3.0,,,,,UNIVERSIDADE FEDERAL DO PARANA,5.0,Federal University Of Parana Department Of Zoology,3.0,STUDIES ON NEOTROPICAL FAUNA AND ENVIRONMENT,4.0,,,SPAIN,2.0,"Soc Brasileira Zoologia, Univ Federal Parana",6.0,Parasitology,5.0,Green Submitted,11.0,FUNDACAO DE APOIO A PESQUISA DO DISTRITO FEDERAL FAPDF,2.0,,
2016.0,1.0,,,"Costa, Leonora Pires",3,Environmental Sciences,4.0,1.163 Parasitology - General,1.0,1.163.645 Fish Parasitology,1.0,,,,,UNIVERSIDADE DE BRASILIA,4.0,University Of Aveiro Department Of Biology,3.0,ACTA THERIOLOGICA,3.0,,,AUSTRALIA,1.0,Oxford Univ Press,5.0,Biochemistry Molecular Biology,3.0,,,FUNDACAO PARA A CIENCIA E A TECNOLOGIA FCT,2.0,,
2015.0,1.0,,,"Ribeiro, Juliana Fernandes",3,Biochemistry Molecular Biology,3.0,"1.217 Parasitology - Malaria, Toxoplasmosis & Coccidiosis",1.0,1.217.1038 Toxoplasma Gondii,1.0,,,,,UNIVERSIDADE FEDERAL DE MATO GROSSO DO SUL,4.0,Federal University Of Minas Gerais Institute Of Biological Sciences,2.0,BIOLOGICAL CONSERVATION,3.0,,,CANADA,1.0,Taylor & Francis,5.0,Evolutionary Biology,3.0,,,FUNDAÇÃO PARA A CIÊNCIA E A TECNOLOGIA,2.0,,
2014.0,1.0,,,"Delciellos, Ana Cláudia",3,Evolutionary Biology,3.0,1.258 Zoonotic Diseases,1.0,1.258.227 Tick-borne Pathogens,1.0,,,,,CENTRE NATIONAL DE LA RECHERCHE SCIENTIFIQUE CNRS,3.0,University Of Aveiro Centre For Environmental And Marine Studies,2.0,MAMMALIA,3.0,,,CHILE,1.0,KLUWER ACADEMIC PUBL,3.0,Physical Geography,2.0,,,ALBAN PROGRAM,1.0,,
2013.0,3.0,,,"Nessimian, Jorge",3,Geography Physical,2.0,1.261 Parasitology - Trypanosoma & Leishmania,1.0,1.261.695 Leishmaniasis Dynamics,1.0,,,,,UNIVERSIDADE DE AVEIRO,3.0,Carleton University Department Of Biology,1.0,ACTA TROPICA,2.0,,,COLOMBIA,1.0,Allen Press Inc,2.0,Science Technology Other Topics,2.0,,,BRASILEIRO DO MEIO AMBIENTE E DOS RECURSOS RENOVAVEIS,1.0,,
2012.0,6.0,,,"Ferreira, Eduardo",2,Multidisciplinary Sciences,2.0,1.6 Immunology,1.0,1.6.452 Somatic Hypermutation,1.0,,,,,AMERICAN MUSEUM OF NATURAL HISTORY AMNH,2.0,Carleton University Faculty Of Science,1.0,ANIMAL CONSERVATION,2.0,,,ENGLAND,1.0,Walter De Gruyter,2.0,Tropical Medicine,2.0,,,CESAM CENTRE FOR ENVIRONMENTAL AND MARINE STUDIES,1.0,,
2011.0,1.0,,,"Kajin, Maja",2,Tropical Medicine,2.0,,,3.35.274 Wildlife Ecology,1.0,,,,,EMBRAPA CERRADOS,2.0,Carleton University Institute Of Environmental Science,1.0,AUSTRAL ECOLOGY,2.0,,,GERMANY,1.0,Alliance Communications Group Division Allen Press,1.0,Anatomy Morphology,1.0,,,COMISION NACIONAL DE INVESTIGACION CIENTIFICA Y TECNOLOGICA CONICYT,1.0,,
2010.0,4.0,,,"Mattevi, Margarete S.",2,Anatomy Morphology,1.0,,,3.64.612 Pollination,1.0,,,,,EMPRESA BRASILEIRA DE PESQUISA AGROPECUARIA EMBRAPA,2.0,Escola Veterinary Ufmg,1.0,JOURNAL OF PARASITOLOGY,2.0,,,SWEDEN,1.0,Amer Assoc Zoo Veterinarians,1.0,Business Economics,1.0,,,CONICYT FONDAP,1.0,,
2009.0,2.0,,,"Moraes, EA",2,Cell Biology,1.0,,,3.64.71 Genetic Diversity,1.0,,,,,INSTITUT DE RECHERCHE POUR LE DEVELOPPEMENT IRD,2.0,Federal University Of Minas Gerais Department Of Zoology,1.0,BIOTA NEOTROPICA,1.0,,,VENEZUELA,1.0,Amer Soc Mammalogists,1.0,Cell Biology,1.0,,,CONICYT FONDECYT,1.0,,
2008.0,5.0,,,"Cerqueira, Rui",2,Economics,1.0,,,3.64.864 Evolutionary Dynamics,1.0,,,,,PONTIFICIA UNIVERSIDADE CATOLICA DE MINAS GERAIS,2.0,Federal University Of Rio De Janeiro Centre Of Mathematical And Natural Sciences,1.0,BRIEF HISTORY OF SOUTH AMERICAN METATHERIANS EVOLUTIONARY CONTEXTS AND INTERCONTINENTAL DISPERSALS,1.0,,,,,Helminthological Soc Washington,1.0,Forestry,1.0,,,CRITICAL ECOSYSTEM PARTNERSHIP FUND CEPF,1.0,,
2007.0,5.0,,,"Yassuda, Yatiyo Y",2,Environmental Studies,1.0,,,8.93.1193 Stable Isotopes,1.0,,,,,UNIVERSIDADE DO ESTADO DE MATO GROSSO,2.0,Federal University Of Rio De Janeiro Department Of Genetics,1.0,CHROMOSOME RESEARCH,1.0,,,,,Karger,1.0,Geology,1.0,,,EUROPEAN FUNDS THROUGH COMPETE BY THE FCT,1.0,,
2006.0,2.0,,,"Silva, Wesley Rodrigues",2,Forestry,1.0,,,,,,,,,UNIVERSIDADE ESTADUAL PAULISTA,2.0,Federal University Of Rio De Janeiro Forum Of Science And Culture,1.0,COMPARATIVE PARASITOLOGY,1.0,,,,,MUSEUM NAT HIST NATURELLE,1.0,Paleontology,1.0,,,FACULTY SEED GRANTS PROGRAM SIU CARBONDALE,1.0,,
2005.0,5.0,,,"Rocha, Rita Gomes",2,Geosciences Multidisciplinary,1.0,,,,,,,,,UNIVERSIDADE FEDERAL DE SANTA CATARINA UFSC,2.0,Federal University Of Rio De Janeiro Institute Of Physics,1.0,CONSERVATION GENETICS,1.0,,,,,Magnolia Press,1.0,Plant Sciences,1.0,,,FEDERAL MINISTRY OF EDUCATION RESEARCH BMBF,1.0,,
2004.0,4.0,,,"Adler, G",2,Paleontology,1.0,,,,,,,,,UNIVERSIDADE FEDERAL DO PARA,2.0,Federal University Of Santa Maria Centre For Natural And Exact Sciences,1.0,CURRENT ZOOLOGY,1.0,,,,,Mdpi,1.0,Veterinary Sciences,1.0,,,FUNDACAO DE AMPARO A PESQUISA DO ESTADO DE MINAS GERAIS FAPEMIG,1.0,,
2003.0,2.0,,,"Carvalho, FMS",2,Plant Sciences,1.0,,,,,,,,,UNIVERSIDADE FEDERAL DO RIO GRANDE DO SUL,2.0,Federal University Of West Para Institute Of Biodiversity And Forests,1.0,CYTOGENETIC AND GENOME RESEARCH,1.0,,,,,Polish Acad Sciences,1.0,,,,,FUNDACAO DE AMPARO A PESQUISA E INOVACAO DO ESPIRITO SANTO FAPES BRAZIL,1.0,,
2002.0,6.0,,,"Desalle, Rob",2,Veterinary Sciences,1.0,,,,,,,,,UNIVERSITE DE MONTPELLIER,2.0,Ifgw,1.0,ECOLOGICAL ECONOMICS,1.0,,,,,Public Library Science,1.0,,,,,FUNDACAO DE APOIO A PESQUISA E EXTENSAO FAPEX,1.0,,
2001.0,2.0,,,"de Camargo, Amabilio J. A.",2,,,,,,,,,,,UNIVERSITY OF WISCONSIN SYSTEM,2.0,Julius Maximilian University Of Wurzburg Biocentre,1.0,ECOLOGICAL RESEARCH,1.0,,,,,Revista Biota Neotropica,1.0,,,,,INICIATIVA CIENTIFICA MILENIO,1.0,,
2000.0,3.0,,,"Lira, Paula",2,,,,,,,,,,,AIX MARSEILLE UNIVERSITE,1.0,Museu Nacional Ufrj,1.0,GENETICA,1.0,,,,,Soc Brasil Genetica,1.0,,,,,INSTITUT PASTEUR DE CAYENNE,1.0,,
1999.0,2.0,,,"Leiner, Natalia",2,,,,,,,,,,,AUTONOMOUS UNIVERSITY OF BARCELONA,1.0,Southern Illinois University Carbondale College Of Science,1.0,GENETICS AND MOLECULAR BIOLOGY,1.0,,,,,,,,,,,INSTITUTO BIOATLANTICA,1.0,,
1998.0,1.0,,,"Camargo, Nícholas F",2,,,,,,,,,,,CARLETON UNIVERSITY,1.0,Southern Illinois University Department Of Zoology,1.0,JOURNAL OF BIOGEOGRAPHY,1.0,,,,,,,,,,,LABORATOIRE POPULATION ENVIRONMENT DEVELOPMENT,1.0,,
1996.0,1.0,,,"Graipel, Maurício",2,,,,,,,,,,,CIDEIM,1.0,The University Of British Columbia Department Of Forest Conservation Sciences,1.0,JOURNAL OF HEREDITY,1.0,,,,,,,,,,,NATIONAL SCIENCE FOUNDATION NSF,1.0,,
,,,,"Dias-Freedman, Isabela",2,,,,,,,,,,,CNRS INSTITUTE OF ECOLOGY ENVIRONMENT INEE,1.0,The University Of British Columbia Faculty Of Forestry,1.0,JOURNAL OF MORPHOLOGY,1.0,,,,,,,,,,,NEW SOUTH WALES DECC,1.0,,
,,,,"Carvalho, Bianca",2,,,,,,,,,,,FDN SENDA DARWIN,1.0,The University Of Sydney Faculty Of Science,1.0,JOURNAL OF ZOO AND WILDLIFE MEDICINE,1.0,,,,,,,,,,,PADCT CIAMB,1.0,,
,,,,"Fernandes, Marcus",2,,,,,,,,,,,FED UNIV BAHIA UFBA,1.0,The University Of Sydney School Of Life And Environmental Sciences,1.0,LANDSCAPE ECOLOGY,1.0,,,,,,,,,,,PORTUGUESE SCIENCE FOUNDATION FCT PROGRAM POPH QREN,1.0,,
,,,,"Amato, George",2,,,,,,,,,,,FED UNIV RIO DE JANEIRO,1.0,Universidade De Sao Paulo Departamento De Ecologia,1.0,MITOCHONDRIAL DNA,1.0,,,,,,,,,,,PRO REITORIA DE POS GRADUACAO E PESQUISA UCG,1.0,,
,,,,"Leite, Yuri L. R.",2,,,,,,,,,,,FUNDACAO OSWALDO CRUZ,1.0,Universidade De Sao Paulo Departamento De Medicina Veterinaria Preventiva E Saude Animal,1.0,MOLECULAR ECOLOGY RESOURCES,1.0,,,,,,,,,,,PROJETO DE CONSERVACAO E UTILIZACAO SUSTENTAVEL DA DIVERSIDADE BIOLOGICA BRASILEIRA PROBIO I MMA GEF,1.0,,
,,,,"ANDRADE, FAC",2,,,,,,,,,,,GRANOLLERS MUSEUM NAT SCI,1.0,Universidade De Sao Paulo Faculdade De Medicina Veterinaria E Zootecnia,1.0,PLANT ECOLOGY,1.0,,,,,,,,,,,PROJETO DE CONSERVACAO E UTILIZACAO SUSTENTAVEL DA DIVERSIDADE BIOLOGICA BRASILEIRA PROBIO II MCT MMA GEF,1.0,,
,,,,"Cáceres, Nilton",2,,,,,,,,,,,INST BRASILEIRO MED CONSERVACAO TRIADE,1.0,Universidade De Sao Paulo Instituto De Biociencias,1.0,PLOS ONE,1.0,,,,,,,,,,,PROJETOS DEMONSTRATIVOS MINISTERIO DO MEIO AMBIENTE PDA MMA,1.0,,
,,,,Mathias Pires,2,,,,,,,,,,,INST ECOL BIODIVERSIDAD,1.0,University Of Brasilia Department Of Zoology,1.0,SPRINGER EARTH SYSTEM SCIENCES,1.0,,,,,,,,,,,PRPQ UFMG,1.0,,
,,,,"Fonseca, C.",2,,,,,,,,,,,INSTITUTE NACIONAL DE PESQUISAS DA AMAZONIA,1.0,University Of Brasilia Institute Of Biological Sciences,1.0,SYMMETRY BASEL,1.0,,,,,,,,,,,RESEARCH PRODUCTIVITY GRANT,1.0,,
,,,,"Gennari, Solange M",2,,,,,,,,,,,INSTITUTO GULBENKIAN DE CIENCIA,1.0,University Of Cambridge Department Of Pathology,1.0,ZOOLOGIA,1.0,,,,,,,,,,,RIO BAIA FISHING CLUB,1.0,,
,,,,"dos Reis, Sergio",2,,,,,,,,,,,JOHANNES GUTENBERG UNIVERSITY OF MAINZ,1.0,University Of Cambridge Faculty Of Biology,1.0,ZOOTAXA,1.0,,,,,,,,,,,SACKLER INSTITUTE FOR COMPARATIVE GENOMICS AMNH,1.0,,
,,,,"Chiarello, Adriano Garcia",2,,,,,,,,,,,MUSEU NACL EMILIO GOELDI,1.0,University Of Cambridge School Of The Biological Sciences,1.0,,,,,,,,,,,,,SILVIA ROBERTA CIESLAK,1.0,,
,,,,"Silva, Maria José J",1,,,,,,,,,,,MUSEU PARAENSE EMILIO GOELDI,1.0,University Of Chile Department Of Ecological Sciences,1.0,,,,,,,,,,,,,UFMS GRADUATION PROGRAM IN CONSERVATION ECOLOGY,1.0,,
,,,,"Grelle, Carlos EV",1,,,,,,,,,,,MUSEUM NATIONAL D HISTOIRE NATURELLE MNHN,1.0,University Of Chile Faculty Of Sciences,1.0,,,,,,,,,,,,,UNITED STATES DEPARTMENT OF HEALTH HUMAN SERVICES,1.0,,
,,,,"Pellegrino, Katia Cristina M",1,,,,,,,,,,,NEVADA SYSTEM OF HIGHER EDUCATION NSHE,1.0,University Of Lisbon Centre For Environmental And Marine Studies,1.0,,,,,,,,,,,,,UNITED STATES PUBLIC HEALTH SERVICE,1.0,,
,,,,"Niebuhr, Bernardo Brandão",1,,,,,,,,,,,NSW DEPT ENVIRONM CLIMATE CHANGE,1.0,University Of Lisbon Faculty Of Sciences,1.0,,,,,,,,,,,,,UNIVERSITE DE PROVENCE,1.0,,
,,,,"Araujo, Marcio",1,,,,,,,,,,,PONTIFICIA UNIVERSIDAD CATOLICA DE CHILE,1.0,University Of Nevada Reno College Of Science,1.0,,,,,,,,,,,,,UNIVERSITY OF SYDNEY,1.0,,
,,,,"Oliveira, Joao A",1,,,,,,,,,,,SECRETARIA ESTADO MEIO A DS,1.0,University Of Nevada Reno Department Of Biology,1.0,,,,,,,,,,,,,UNIVERSITY OF WISCONSIN,1.0,,
,,,,"Quental, Tiago B",1,,,,,,,,,,,SOUTHERN ILLINOIS UNIVERSITY,1.0,University Of Wisconsin Milwaukee College Of Letters And Science,1.0,,,,,,,,,,,,,UNIVERSITY OF WISCONSIN OSHKOSH FACULTY DEVELOPMENT BOARD,1.0,,
,,,,"Argot, Christine",1,,,,,,,,,,,SOUTHERN ILLINOIS UNIVERSITY SYSTEM,1.0,University Of Wisconsin Milwaukee Department Of Biological Sciences,1.0,,,,,,,,,,,,,VILLUM FONDEN,1.0,,
,,,,"Dickman, Christopher",1,,,,,,,,,,,SWEDISH UNIVERSITY OF AGRICULTURAL SCIENCES,1.0,,,,,,,,,,,,,,,,,,
,,,,"Portela, RW",1,,,,,,,,,,,UNITED STATES DEPARTMENT OF AGRICULTURE USDA,1.0,,,,,,,,,,,,,,,,,,
,,,,"Crowther, Mathew",1,,,,,,,,,,,UNIV CATOLICA GOIAS,1.0,,,,,,,,,,,,,,,,,,
,,,,"Bonato, Vinicius",1,,,,,,,,,,,UNIV FED ESPIRITO SANTO,1.0,,,,,,,,,,,,,,,,,,
,,,,"Marcili, Arlei",1,,,,,,,,,,,UNIVERSIDAD DE CHILE,1.0,,,,,,,,,,,,,,,,,,
,,,,"Passos, Fernando Camargo",1,,,,,,,,,,,UNIVERSIDADE DE LISBOA,1.0,,,,,,,,,,,,,,,,,,
,,,,"Oliveira-Santos, Luiz Gustavo Rodrigues",1,,,,,,,,,,,UNIVERSIDADE DE SANTO AMARO UNISA,1.0,,,,,,,,,,,,,,,,,,
,,,,"Viveiros de Castro, Ernesto",1,,,,,,,,,,,UNIVERSIDADE DO ESTADO DO RIO DE JANEIRO,1.0,,,,,,,,,,,,,,,,,,
,,,,"Carvalho, Maria Raquel",1,,,,,,,,,,,UNIVERSIDADE DO VALE DO RIO DOS SINOS UNISINOS,1.0,,,,,,,,,,,,,,,,,,
,,,,"Fonseca, Carlos MMS",1,,,,,,,,,,,UNIVERSIDADE FEDERAL DE MATO GROSSO,1.0,,,,,,,,,,,,,,,,,,
,,,,"Oliveira, Leonardo",1,,,,,,,,,,,UNIVERSIDADE FEDERAL DE SANTA MARIA UFSM,1.0,,,,,,,,,,,,,,,,,,
,,,,Rasmus Heller,1,,,,,,,,,,,UNIVERSIDADE FEDERAL DE SAO PAULO UNIFESP,1.0,,,,,,,,,,,,,,,,,,
,,,,"Armesto, Juan J",1,,,,,,,,,,,UNIVERSIDADE FEDERAL DO ESPIRITO SANTO,1.0,,,,,,,,,,,,,,,,,,
,,,,"de Souza Leite, Melina",1,,,,,,,,,,,UNIVERSIDADE FEDERAL DO OESTE DO PARA,1.0,,,,,,,,,,,,,,,,,,
,,,,"LA Monteiro-Filho, Emygdio",1,,,,,,,,,,,UNIVERSIDADE FEDERAL DOS VALES DO JEQUITINHONHA E MUCURI UFVJM,1.0,,,,,,,,,,,,,,,,,,
,,,,"Labruna, Marcelo B",1,,,,,,,,,,,UNIVERSIDADE FEDERAL RURAL DE PERNAMBUCO UFRPE,1.0,,,,,,,,,,,,,,,,,,
,,,,"Muñoz Muñoz, Francesc",1,,,,,,,,,,,UNIVERSITY OF BRITISH COLUMBIA,1.0,,,,,,,,,,,,,,,,,,
,,,,"cruz-neto, ariovaldo",1,,,,,,,,,,,UNIVERSITY OF CAMBRIDGE,1.0,,,,,,,,,,,,,,,,,,
,,,,"Marinho-Filho, Jader",1,,,,,,,,,,,UNIVERSITY OF CENTRAL VENEZUELA,1.0,,,,,,,,,,,,,,,,,,
,,,,"Dittel, Jacob",1,,,,,,,,,,,UNIVERSITY OF NEVADA RENO,1.0,,,,,,,,,,,,,,,,,,
,,,,"Loss, Ana Carolina",1,,,,,,,,,,,UNIVERSITY OF SYDNEY,1.0,,,,,,,,,,,,,,,,,,
,,,,Thiago Doria Barral,1,,,,,,,,,,,UNIVERSITY OF WISCONSIN MILWAUKEE,1.0,,,,,,,,,,,,,,,,,,
,,,,"Minervino, Antonio Humberto",1,,,,,,,,,,,UNIVERSITY OF WURZBURG,1.0,,,,,,,,,,,,,,,,,,
,,,,"da Luz Mathias, Maria",1,,,,,,,,,,,,,,,,,,,,,,,,,,,,,,
,,,,"Costa, Raphael Bermal",1,,,,,,,,,,,,,,,,,,,,,,,,,,,,,,
,,,,"Filho, Manoel Santos",1,,,,,,,,,,,,,,,,,,,,,,,,,,,,,,
,,,,"Malheiros, Antonio",1,,,,,,,,,,,,,,,,,,,,,,,,,,,,,,
,,,,"Pereira, Neila",1,,,,,,,,,,,,,,,,,,,,,,,,,,,,,,
,,,,"Soares, Herbert",1,,,,,,,,,,,,,,,,,,,,,,,,,,,,,,
,,,,"Brigatti, Edgardo",1,,,,,,,,,,,,,,,,,,,,,,,,,,,,,,
,,,,"Rocha, Erika Garcez da",1,,,,,,,,,,,,,,,,,,,,,,,,,,,,,,
,,,,"Rodrigues, Daniela Méria",1,,,,,,,,,,,,,,,,,,,,,,,,,,,,,,
,,,,"Gabriel, Sofia I",1,,,,,,,,,,,,,,,,,,,,,,,,,,,,,,
,,,,"Jimenez, Francisco",1,,,,,,,,,,,,,,,,,,,,,,,,,,,,,,
,,,,"Galliez, Maron",1,,,,,,,,,,,,,,,,,,,,,,,,,,,,,,
,,,,"de Paula Eduardo, Carlos",1,,,,,,,,,,,,,,,,,,,,,,,,,,,,,,
,,,,"Graciolli, Gustavo",1,,,,,,,,,,,,,,,,,,,,,,,,,,,,,,
,,,,"PENA, HILDA F J",1,,,,,,,,,,,,,,,,,,,,,,,,,,,,,,
,,,,"Alves, L.",1,,,,,,,,,,,,,,,,,,,,,,,,,,,,,,
,,,,"Dias, André",1,,,,,,,,,,,,,,,,,,,,,,,,,,,,,,
,,,,"Marlene Tiduko Ueta Animal Biology, Unicamp",1,,,,,,,,,,,,,,,,,,,,,,,,,,,,,,
,,,,"Lessa, Leonardo",1,,,,,,,,,,,,,,,,,,,,,,,,,,,,,,
,,,,"Ventura, Karen",1,,,,,,,,,,,,,,,,,,,,,,,,,,,,,,
,,,,"Izar, Patricia",1,,,,,,,,,,,,,,,,,,,,,,,,,,,,,,
,,,,"Gentile, Rosana",1,,,,,,,,,,,,,,,,,,,,,,,,,,,,,,
,,,,"Celis, Juan L",1,,,,,,,,,,,,,,,,,,,,,,,,,,,,,,
,,,,"Pardini, Renata",1,,,,,,,,,,,,,,,,,,,,,,,,,,,,,,
,,,,"Barrouin-Melo, Stella Maria",1,,,,,,,,,,,,,,,,,,,,,,,,,,,,,,
,,,,"Almeida, Francisca Cunha",1,,,,,,,,,,,,,,,,,,,,,,,,,,,,,,
,,,,"Astúa, Diego",1,,,,,,,,,,,,,,,,,,,,,,,,,,,,,,
,,,,"Camargo, N. F.",1,,,,,,,,,,,,,,,,,,,,,,,,,,,,,,
,,,,"Melo, Geruza Leal",1,,,,,,,,,,,,,,,,,,,,,,,,,,,,,,
,,,,"Jaksic, Fabian M",1,,,,,,,,,,,,,,,,,,,,,,,,,,,,,,
,,,,"Russo, Claudia AM",1,,,,,,,,,,,,,,,,,,,,,,,,,,,,,,
,,,,"Paglia, Adriano P",1,,,,,,,,,,,,,,,,,,,,,,,,,,,,,,
