Publication Years,Publication Years_Count,Document Types,Document Types_Count,Researcher Profiles,Researcher Profiles_Count,Web of Science Categories,Web of Science Categories_Count,Citation Topics Meso,Citation Topics Meso_Count,Citation Topics Micro,Citation Topics Micro_Count,Sustainable Development Goals,Sustainable Development Goals_Count,Web of Science Index,Web of Science Index_Count,Affiliations,Affiliations_Count,Affiliation with Department,Affiliation with Department_Count,Publication Titles,Publication Titles_Count,Languages,Languages_Count,Countries/Regions,Countries/Regions_Count,Publishers,Publishers_Count,Research Areas,Research Areas_Count,Open Access,Open Access_Count,Funding Agencies,Funding Agencies_Count,Group Authors,Group Authors_Count
2025.0,1.0,Article,31.0,"Percequillo, Alexandre",6,Zoology,14.0,1.163 Parasitology - General,8.0,1.163.645 Fish Parasitology,8.0,03 Good Health And Well Being,14.0,Science Citation Index Expanded (SCI-EXPANDED),31.0,UNIVERSIDADE DE SAO PAULO,11,Universidade De Sao Paulo Escola Superior De Agricultura Luiz De Queiroz,5.0,STUDIES ON NEOTROPICAL FAUNA AND ENVIRONMENT,3.0,English,31.0,BRAZIL,26.0,Springer Nature,6.0,Zoology,14.0,All Open Access,17.0,CONSELHO NACIONAL DE DESENVOLVIMENTO CIENTIFICO E TECNOLOGICO CNPQ,21.0,MOL ECOLOGY RESOURCES PRIMER DEV C,1.0
2024.0,1.0,,,Ricardo Siqueira Bovendorp,4,Parasitology,9.0,3.35 Zoology & Animal Ecology,7.0,3.35.721 Rodent Ecology,6.0,15 Life On Land,14.0,,,UNIVERSIDADE ESTADUAL DE SANTA CRUZ,5,Universidade De Sao Paulo Escola Superior De Agricultura Luiz De Queiroz Departamento De Ciencias Biologicas,4.0,INTERNATIONAL JOURNAL FOR PARASITOLOGY PARASITES AND WILDLIFE,2.0,,,ARGENTINA,6.0,Elsevier,4.0,Parasitology,9.0,Gold,7.0,FUNDACAO DE AMPARO A PESQUISA DO ESTADO DE SAO PAULO FAPESP,21.0,,
2023.0,1.0,,,"Gentile, Rosana",4,Ecology,5.0,3.64 Phylogenetics & Genomics,5.0,3.64.34 Phylogenetic Relationships,4.0,13 Climate Action,8.0,,,FUNDACAO OSWALDO CRUZ,4,Universidade De Sao Paulo Departamento De Ecologia,2.0,MAMMALIA,2.0,,,USA,3.0,Taylor & Francis,4.0,Environmental Sciences Ecology,5.0,Gold-Hybrid,2.0,COORDENACAO DE APERFEICOAMENTO DE PESSOAL DE NIVEL SUPERIOR CAPES,10.0,,
2022.0,2.0,,,"Alvarez, Martín R",3,Biochemistry Molecular Biology,3.0,1.258 Zoonotic Diseases,3.0,1.258.227 Tick-borne Pathogens,3.0,14 Life Below Water,4.0,,,UNIVERSIDADE ESTADUAL PAULISTA,4,Universidade De Sao Paulo Faculdade De Filosofia Ciencias E Letras De Ribeirao Preto,2.0,PARASITOLOGY RESEARCH,2.0,,,GERMANY,2.0,Cambridge Univ Press,2.0,Biochemistry Molecular Biology,3.0,Free to Read,3.0,FEDERAL MINISTRY OF EDUCATION RESEARCH BMBF,3.0,,
2021.0,2.0,,,"Labruna, Marcelo B",3,Biodiversity Conservation,3.0,3.40 Forestry,3.0,3.40.195 Biodiversity Conservation,2.0,,,,,CONSEJO NACIONAL DE INVESTIGACIONES CIENTIFICAS Y TECNICAS CONICET,3,Universidade De Sao Paulo Instituto De Biociencias,2.0,ACTA PARASITOLOGICA,1.0,,,CHILE,1.0,Oxford Univ Press,2.0,Biodiversity Conservation,3.0,Green Accepted,1.0,FUNDACAO CARLOS CHAGAS FILHO DE AMPARO A PESQUISA DO ESTADO DO RIO DE JANEIRO FAPERJ,3.0,,
2020.0,2.0,,,"Maldonado Junior, Arnaldo",3,Veterinary Sciences,3.0,1.148 Medical Mycology,1.0,1.148.931 Fungal Pathogenesis,1.0,,,,,UNIVERSIDADE FEDERAL DO PARANA,3,Bell Museum,1.0,BIOCHEMICAL GENETICS,1.0,,,ENGLAND,1.0,Walter De Gruyter,2.0,Veterinary Sciences,3.0,Green Submitted,11.0,CONSEJO NACIONAL DE INVESTIGACIONES CIENTIFICAS Y TECNICAS CONICET,2.0,,
2019.0,1.0,,,"Costa, Natalia",3,Biology,2.0,1.228 Virology - Tropical Diseases,1.0,1.228.994 Viral Hemorrhagic Fevers,1.0,,,,,UNIVERSIDADE FEDERAL DO RIO DE JANEIRO,3,Federal University Of Lavras Department Of Biology,1.0,BIOLOGICAL JOURNAL OF THE LINNEAN SOCIETY,1.0,,,FINLAND,1.0,Wiley,2.0,Evolutionary Biology,2.0,,,FUNDACAO DE APOIO A PESQUISA DO DISTRITO FEDERAL FAPDF,2.0,,
2018.0,3.0,,,"Naxara, Laura",2,Evolutionary Biology,2.0,1.261 Parasitology - Trypanosoma & Leishmania,1.0,1.261.695 Leishmaniasis Dynamics,1.0,,,,,NATIONAL UNIVERSITY OF LA PLATA,2,Federal University Of Parana Biological Sciences Sector,1.0,BIOTA NEOTROPICA,1.0,,,FRANCE,1.0,Alliance Communications Group Division Allen Press,1.0,Genetics Heredity,2.0,,,INSTITUTO OSWALDO CRUZ,2.0,,
2017.0,3.0,,,"Pinotti, B",2,Genetics Heredity,2.0,3.97 Plant Pathology,1.0,3.35.1587 Chiroptera,1.0,,,,,UNIVERSIDADE FEDERAL DE SANTA CATARINA UFSC,2,Federal University Of Parana Department Of Zoology,1.0,BRAZILIAN JOURNAL OF BIOLOGY,1.0,,,INDIA,1.0,Assoc Teriologica Italiana,1.0,Life Sciences Biomedicine Other Topics,2.0,,,AGENCIA NACIONAL DE PROMOCION DE LA INVESTIGACION EL DESARROLLO TECNOLOGICO Y LA INNOVACION,1.0,,
2016.0,1.0,,,"Digiani, Maria Celina",2,Microbiology,2.0,8.93 Archaeology,1.0,3.40.86 Plant Communities,1.0,,,,,UNIVERSIDADE FEDERAL DO RIO GRANDE DO SUL,2,Federal University Of Rio De Janeiro Department Of Ecology,1.0,ECOHEALTH,1.0,,,IRAN,1.0,Brazilian Coll Veterinary Parasitology,1.0,Microbiology,2.0,,,AMERICAN MUSEUM OF NATURAL HISTORY,1.0,,
2015.0,3.0,,,"Panisse, Guillermo",2,Entomology,1.0,,,3.64.71 Genetic Diversity,1.0,,,,,UNIVERSITY OF BUENOS AIRES,2,Federal University Of Rio De Janeiro Health Sciences Centre,1.0,GENETICS AND MOLECULAR BIOLOGY,1.0,,,ITALY,1.0,Int Inst Ecology,1.0,Entomology,1.0,,,ANPCYT,1.0,,
2014.0,1.0,,,"Boullosa, Raquel G.",2,Environmental Sciences,1.0,,,3.97.1439 Phytophthora Management,1.0,,,,,ABRII,1,Federal University Of Rio De Janeiro Institute Of Biology,1.0,HYSTRIX ITALIAN JOURNAL OF MAMMALOGY,1.0,,,MALI,1.0,Magnolia Press,1.0,Infectious Diseases,1.0,,,CARLAS CHAGAS FILHO FOUNDATION FOR RESEARCH SUPPORT IN RIO DE JANEIRO,1.0,,
2013.0,2.0,,,"da Silva Krawczak, Felipe",2,Infectious Diseases,1.0,,,8.93.1193 Stable Isotopes,1.0,,,,,AMERICAN MUSEUM OF NATURAL HISTORY AMNH,1,Federal University Of Rio Grande Do Sul Department Of Zoology,1.0,JOURNAL OF EXPERIMENTAL ZOOLOGY PART A ECOLOGICAL AND INTEGRATIVE PHYSIOLOGY,1.0,,,MEXICO,1.0,Mdpi,1.0,Mycology,1.0,,,CENTRO UNIVERSITARIO VILA VELHA UVV,1.0,,
2012.0,2.0,,,"Salomon, Oscar",2,Mycology,1.0,,,,,,,,,AQUASOLUT BIOTECH,1,Federal University Of Rio Grande Do Sul Institute Of Biosciences,1.0,JOURNAL OF HELMINTHOLOGY,1.0,,,NETHERLANDS,1.0,Revista Biota Neotropica,1.0,,,,,COORDENACAO DE APERFEICOAMENTO DE NIVEL SUPERIOR CAPES BRASIL,1.0,,
2011.0,2.0,,,"Martins, Thiago",2,,,,,,,,,,,ARANZADI SOC SCI,1,Institute Of Immunological And Physiopathological Studies,1.0,JOURNAL OF MAMMALOGY,1.0,,,NORWAY,1.0,SPRINGER INT PUBL AG,1.0,,,,,ETHICAL COMMITTEE IN ANIMAL RESEARCH OF THE FACULTY OF VETERINARY MEDICINE OF THE UNIVERSITY OF SAO PAULO,1.0,,
2010.0,1.0,,,"Andrade-Silva, Beatriz Elise",2,,,,,,,,,,,ASHOKA TRUST RES ECOL ENVIRONM,1,Liverpool John Moores University Faculty Of Health,1.0,JOURNAL OF MEDICAL ENTOMOLOGY,1.0,,,PANAMA,1.0,Soc Brasil Genetica,1.0,,,,,FIELD MUSEUM,1.0,,
2009.0,2.0,,,"Pardini, Renata",2,,,,,,,,,,,CEAZA,1,Liverpool John Moores University School Of Psychology,1.0,JOURNAL OF NATURAL HISTORY,1.0,,,PEOPLES R CHINA,1.0,,,,,,,FINANCIADORA DE INOVACAO E PESQUISA FINEP,1.0,,
2007.0,1.0,,,"Libardi, Gustavo Simões",2,,,,,,,,,,,CENTRE NATIONAL DE LA RECHERCHE SCIENTIFIQUE CNRS,1,Mississippi State University College Of Arts And Sciences,1.0,LIFE BASEL,1.0,,,SCOTLAND,1.0,,,,,,,FUNDACAO ARAUCARIA DE APOIO AO DESENVOLVIMENTO CIENTIFICO E TECNOLOGICO DO ESTADO DO PARANA FA,1.0,,
,,,,Abolfazl Jowkar,1,,,,,,,,,,,CENTRO UNIVERSITARIO VILA VELHA,1,Mississippi State University Department Of Biological Sciences,1.0,MAMMAL RESEARCH,1.0,,,SENEGAL,1.0,,,,,,,FUNDACAO DE AMPARO A CIENCIA E TECNOLOGIA DO ESTADO DO RIO GRANDE DO SUL FAPERGS,1.0,,
,,,,"Hailer, Frank",1,,,,,,,,,,,CGIAR,1,National Taiwan Ocean University College Of Life Sciences,1.0,MOLECULAR ECOLOGY RESOURCES,1.0,,,SINGAPORE,1.0,,,,,,,FUNDACAO DE AMPARO A PESQUISA DO ESTADO DA BAHIA FAPESB,1.0,,
,,,,"Fernandez, Fernando A. S.",1,,,,,,,,,,,CHICAGO STATE UNIVERSITY,1,National Taiwan Ocean University Department Of Aquaculture,1.0,MYCOPATHOLOGIA,1.0,,,SOUTH KOREA,1.0,,,,,,,FUNDACAO OSWALDO CRUZ FIOCRUZ,1.0,,
,,,,"Haye, Pilar A",1,,,,,,,,,,,CHINESE ACADEMY OF AGRICULTURAL SCIENCES,1,National Taiwan University College Of Life Science,1.0,PARASITOLOGY,1.0,,,SPAIN,1.0,,,,,,,FUNDACION MUNDO SANO,1.0,,
,,,,"Rocha-Barbosa, Oscar",1,,,,,,,,,,,CHINESE ACADEMY OF SCIENCES,1,National Taiwan University Institute Of Fisheries Science,1.0,REVISTA BRASILEIRA DE PARASITOLOGIA VETERINARIA,1.0,,,SWITZERLAND,1.0,,,,,,,FUNDACO DE AMPARO A PESQUISA E INOVACAO DO ESPIRITO SANTO FAPES,1.0,,
,,,,"vanderlee, Theo A.J.",1,,,,,,,,,,,CIRAD,1,National University Of La Plata Faculty Of Exact Sciences,1.0,TICKS AND TICK BORNE DISEASES,1.0,,,TAIWAN,1.0,,,,,,,GERSTNER POSTDOCTORAL FELLOWSHIP FROM THE RICHARD GILDER GRADUATE SCHOOL AT THE AMERICAN MUSEUM OF NATURAL HISTORY,1.0,,
,,,,"Chak, Tin Chi Solomon",1,,,,,,,,,,,CNDA,1,Seoul National University College Of Agriculture And Life Sciences,1.0,ZOOLOGISCHER ANZEIGER,1.0,,,,,,,,,,,INMET ANLIS DR CARLOS G MALBRAN,1.0,,
,,,,"Lee, Seunghwan",1,,,,,,,,,,,CNRS INSTITUTE OF ECOLOGY ENVIRONMENT INEE,1,Seoul National University College Of Veterinary Medicine,1.0,ZOOTAXA,1.0,,,,,,,,,,,INSTITUTO OSWALDO CRUZ IOC FIOCRUZ,1.0,,
,,,,"de Camargo, Plínio B.",1,,,,,,,,,,,CNRS NATIONAL INSTITUTE FOR BIOLOGY INSB,1,Seoul National University Department Of Agricultural Biotechnology,1.0,,,,,,,,,,,,,INSTITUTO OSWALDO CRUZ IOC FIOCRUZ UNIVERSIDADE ESTADUAL DE SANTA CRUZ UESC,1.0,,
,,,,"Goncalves, Gislene Lopes",1,,,,,,,,,,,CONICET UBA,1,Seoul National University Research Institute For Veterinary Science,1.0,,,,,,,,,,,,,INSTITUTO TECNOLOGICO VALE DESENVOLVIMENTO SUSTENTAVEL,1.0,,
,,,,"Barbieri, Amalia R. M.",1,,,,,,,,,,,CONSEJERIA AGR PESCA,1,Seoul National University Research Institute Of Agriculture And Life Sciences,1.0,,,,,,,,,,,,,MUSEU DE BIOLOGIA PROF MELLO LEITAO MBML,1.0,,
,,,,"Ono, Mario Augusto A",1,,,,,,,,,,,CTR ESTUDIOS PARASITOL VECTORES UNLP CONICET,1,Temasek Life Sciences Laboratory Ltd,1.0,,,,,,,,,,,,,MUSEUM OF COMPARATIVE ZOOLOGY,1.0,,
,,,,"Medeiros, Rodrigo Pereira",1,,,,,,,,,,,DEPAUL UNIVERSITY,1,The University Of Hong Kong Faculty Of Science,1.0,,,,,,,,,,,,,NATURAL ENVIRONMENT RESEARCH COUNCIL NERC,1.0,,
,,,,"MADEIRA, MARÍA JOSÉ",1,,,,,,,,,,,EBERHARD KARLS UNIVERSITY OF TUBINGEN,1,The University Of Hong Kong School Of Biological Sciences,1.0,,,,,,,,,,,,,PLAZA CALDAS DA IMPERATRIZ RESORT,1.0,,
,,,,"Durand, Jean-Dominique",1,,,,,,,,,,,ECOGEN GMBH,1,The University Of Hong Kong Swire Institute Of Marine Science,1.0,,,,,,,,,,,,,POS GRADUACAO EM BIOLOGIA PARASITARIA IOCFIOCRUZ,1.0,,
,,,,"Pailler, Thierry",1,,,,,,,,,,,FIELD MUSEUM OF NATURAL HISTORY CHICAGO,1,University Of Aberdeen College Of Life Sciences Medicine,1.0,,,,,,,,,,,,,POSTGRADUATE PROGRAM ON PARASITE BIOLOGY IOC FIOCRUZ,1.0,,
,,,,"Neto, Hipolito F Paulino",1,,,,,,,,,,,FUNDACAO CARLOS CHAGAS FILHO AMPARO PESQUISA ESTAD,1,University Of Aberdeen School Of Biological Sciences,1.0,,,,,,,,,,,,,PROCIENCIA UERJ,1.0,,
,,,,"Kuhnen, Vanessa Villanova",1,,,,,,,,,,,FUNDACAO ZOOBOT RIO GRANDE DO SUL,1,University Of Buenos Aires Department Of Ecology Genetics And Evolution,1.0,,,,,,,,,,,,,PROGRAMA DE BOLSAS DE INICIACAO CIENTIFICA DO SANTANDER,1.0,,
,,,,"Passos, Fernando Camargo",1,,,,,,,,,,,INRAE,1,University Of Buenos Aires Faculty Of Exact And Natural Sciences,1.0,,,,,,,,,,,,,PROGRAMA DE INCENTIVOS,1.0,,
,,,,"Campos, Renata C",1,,,,,,,,,,,INST DIVERSIDAD EVOLUC AUSTRAL IDEAUS CONICET,1,University Of Georgia Department Of Genetics,1.0,,,,,,,,,,,,,SANTA CRUZ STATE UNIVERSITY UESC,1.0,,
,,,,"Gregori, Fabio",1,,,,,,,,,,,INST DIVERSIDAD EVOLUT AUSTRAL IDEAUS CONICET,1,University Of Georgia Department Of Plant Biology,1.0,,,,,,,,,,,,,SOCIEDAD ARGENTINA PARA EL ESTUDIO DE LOS MAMIFEROS SAREM,1.0,,
,,,,"Freitas, Thales",1,,,,,,,,,,,INST NACL ENFERMEDADES INFECCIOSAS ADM NACL LABS,1,University Of Georgia Division Of Biological Sciences,1.0,,,,,,,,,,,,,SPANISH GOVERNMENT,1.0,,
,,,,"Lee, Hang",1,,,,,,,,,,,INST NACL MED TROP,1,University Of Georgia Franklin College Of Arts And Sciences,1.0,,,,,,,,,,,,,UK RESEARCH INNOVATION UKRI,1.0,,
,,,,"Bastos, Fernanda Aparecida Nieri",1,,,,,,,,,,,INST PESQUISAS CANANEIA,1,University Of Helsinki Department Of Agricultural Sciences,1.0,,,,,,,,,,,,,UNITED STATES NATIONAL MUSEUM,1.0,,
,,,,"Roper, James Joseph",1,,,,,,,,,,,INST SALUD DR CARLOS G MALBRAN,1,University Of Helsinki Faculty Of Agriculture And Forestry,1.0,,,,,,,,,,,,,UNIVERSIDAD NACIONAL DE LA PLATA FROM PROGRAMA DE INCENTIVOS,1.0,,
,,,,"Costa, Francico",1,,,,,,,,,,,INSTITUT DE RECHERCHE POUR LE DEVELOPPEMENT IRD,1,University Of Minnesota Twin Cities College Of Biological Sciences,1.0,,,,,,,,,,,,,UNIVERSIDADE ESTADUAL DE SANTA CRUZ UESC,1.0,,
,,,,"Mardi, Mohsen",1,,,,,,,,,,,INSTITUTE OF VEGETABLES FLOWERS CAAS,1,University Of Minnesota Twin Cities College Of Food Agricultural And Natural Resource Sciences,1.0,,,,,,,,,,,,,UNIVERSITY OF BUENOS AIRES,1.0,,
,,,,"cruz-neto, ariovaldo",1,,,,,,,,,,,INSTITUTO TECNOLOGICO VALE DESENVOLVIMENTO SUSTENTAVEL,1,University Of Minnesota Twin Cities Department Of Ecology Evolution And Behavior,1.0,,,,,,,,,,,,,,,,
,,,,"Marinho, Jorge",1,,,,,,,,,,,INTERNATIONAL CROPS RESEARCH INSTITUTE FOR THE SEMI ARID TROPICS ICRISAT,1,University Of Sao Paulo Department Of Biology,1.0,,,,,,,,,,,,,,,,
,,,,"Humeau, Laurence",1,,,,,,,,,,,IRTA,1,University Of Sussex School Of Life Sciences,1.0,,,,,,,,,,,,,,,,
,,,,David Duvernell,1,,,,,,,,,,,LEIBNIZ INSTITUT FUR ZOO UND WILDTIERFORSCHUNG,1,,,,,,,,,,,,,,,,,,
,,,,"R, Vasudeva",1,,,,,,,,,,,LIVERPOOL JOHN MOORES UNIVERSITY,1,,,,,,,,,,,,,,,,,,
,,,,"G, Ravikanth",1,,,,,,,,,,,LOUISIANA STATE UNIVERSITY,1,,,,,,,,,,,,,,,,,,
,,,,"Zillikens, Anne",1,,,,,,,,,,,LOUISIANA STATE UNIVERSITY SYSTEM,1,,,,,,,,,,,,,,,,,,
,,,,"Dalapicolla, Jeronymo",1,,,,,,,,,,,MINIST SALUD NAC,1,,,,,,,,,,,,,,,,,,
,,,,"Watanabe, Maria Angelica",1,,,,,,,,,,,MISSISSIPPI STATE UNIVERSITY,1,,,,,,,,,,,,,,,,,,
,,,,"Loss, Ana Carolina",1,,,,,,,,,,,MUSEO LA PLATA,1,,,,,,,,,,,,,,,,,,
,,,,"Cardoso, Thiago",1,,,,,,,,,,,MUSEUM NATIONAL D HISTOIRE NATURELLE MNHN,1,,,,,,,,,,,,,,,,,,
,,,,"RIERA, Bernard",1,,,,,,,,,,,NATIONAL TAIWAN OCEAN UNIVERSITY,1,,,,,,,,,,,,,,,,,,
,,,,"Simões, R.O.",1,,,,,,,,,,,NATIONAL TAIWAN UNIVERSITY,1,,,,,,,,,,,,,,,,,,
,,,,"Hofmann, Sylvia",1,,,,,,,,,,,NATIONAL UNIVERSITY OF SINGAPORE,1,,,,,,,,,,,,,,,,,,
,,,,"Zeinlabedini, Mehrshad",1,,,,,,,,,,,NATL PK BOARD,1,,,,,,,,,,,,,,,,,,
,,,,"vadell, victoria",1,,,,,,,,,,,PHILIPPS UNIVERSITY MARBURG,1,,,,,,,,,,,,,,,,,,
,,,,"Kim, Hyojoong",1,,,,,,,,,,,REDILA,1,,,,,,,,,,,,,,,,,,
,,,,"Silva Oliveira, Luiz Fernando",1,,,,,,,,,,,RESERVA PARTICULAR PATRIMONIO NAT MT SINAI,1,,,,,,,,,,,,,,,,,,
,,,,"Domeniconi, Raquel Fantin",1,,,,,,,,,,,SAO PAULO UNIV ESALQ,1,,,,,,,,,,,,,,,,,,
,,,,"Fattahi, Roohollah",1,,,,,,,,,,,SEOUL NATIONAL UNIVERSITY SNU,1,,,,,,,,,,,,,,,,,,
,,,,"Miehe, Georg",1,,,,,,,,,,,SMITHSONIAN INSTITUTION,1,,,,,,,,,,,,,,,,,,
,,,,"Gallardo-Escárate, Cristian",1,,,,,,,,,,,SMITHSONIAN NATIONAL ZOOLOGICAL PARK CONSERVATION BIOLOGY INSTITUTE,1,,,,,,,,,,,,,,,,,,
,,,,"Lux Hoppe, Estevam G.",1,,,,,,,,,,,SMITHSONIAN TROPICAL RESEARCH INSTITUTE,1,,,,,,,,,,,,,,,,,,
,,,,"Cerboncini, Ricardo",1,,,,,,,,,,,SORBONNE UNIVERSITE,1,,,,,,,,,,,,,,,,,,
,,,,"Braga, Talita Vieira",1,,,,,,,,,,,SOUTH CHINA SEA INSTITUTE OF OCEANOLOGY CAS,1,,,,,,,,,,,,,,,,,,
,,,,"Korpelainen, Helena",1,,,,,,,,,,,SOUTHERN ILLINOIS UNIVERSITY EDWARDSVILLE,1,,,,,,,,,,,,,,,,,,
,,,,"Munhoz, Alexandre Dias",1,,,,,,,,,,,SOUTHERN ILLINOIS UNIVERSITY SYSTEM,1,,,,,,,,,,,,,,,,,,
,,,,"Jansa, Sharon",1,,,,,,,,,,,STATE UNIVERSITY SYSTEM OF FLORIDA,1,,,,,,,,,,,,,,,,,,
,,,,"Wai, Tak-Cheung",1,,,,,,,,,,,UK CENTRE FOR ECOLOGY HYDROLOGY UKCEH,1,,,,,,,,,,,,,,,,,,
,,,,"Graipel, Maurício",1,,,,,,,,,,,UNITED STATES DEPARTMENT OF AGRICULTURE USDA,1,,,,,,,,,,,,,,,,,,
,,,,"CATANESE, GAETANO",1,,,,,,,,,,,UNITED STATES ENVIRONMENTAL PROTECTION AGENCY,1,,,,,,,,,,,,,,,,,,
,,,,Jesus Maldonado,1,,,,,,,,,,,UNIV AGR SCI,1,,,,,,,,,,,,,,,,,,
,,,,Ana Cláudia Delciellos,1,,,,,,,,,,,UNIV LUTERANA,1,,,,,,,,,,,,,,,,,,
,,,,"Acardi, Soraya",1,,,,,,,,,,,UNIV NACL MISIONES,1,,,,,,,,,,,,,,,,,,
,,,,"Andrades-Miranda, Jaqueline",1,,,,,,,,,,,UNIVERSIDAD CATOLICA DEL NORTE,1,,,,,,,,,,,,,,,,,,
,,,,"Van Mourik, Tom",1,,,,,,,,,,,UNIVERSIDAD DE CONCEPCION,1,,,,,,,,,,,,,,,,,,
,,,,"Leung, Frederick Chi Ching",1,,,,,,,,,,,UNIVERSIDAD NACIONAL AUTONOMA DE MEXICO,1,,,,,,,,,,,,,,,,,,
,,,,"Geise, Lena",1,,,,,,,,,,,UNIVERSIDADE DO ESTADO DO RIO DE JANEIRO,1,,,,,,,,,,,,,,,,,,
,,,,"Axtner, Jan",1,,,,,,,,,,,UNIVERSIDADE ESTADUAL DE CAMPINAS,1,,,,,,,,,,,,,,,,,,
,,,,"Leung, Kenneth M. Y.",1,,,,,,,,,,,UNIVERSIDADE ESTADUAL DE LONDRINA,1,,,,,,,,,,,,,,,,,,
,,,,"Andree, Karl B.",1,,,,,,,,,,,UNIVERSIDADE ESTADUAL DO OESTE DO PARANA,1,,,,,,,,,,,,,,,,,,
,,,,"Szabó, Matias Pablo Juan PJ",1,,,,,,,,,,,UNIVERSIDADE FEDERAL DA INTEGRACAO LATINO AMERICANA,1,,,,,,,,,,,,,,,,,,
,,,,"samadi, sarah",1,,,,,,,,,,,UNIVERSIDADE FEDERAL DA PARAIBA,1,,,,,,,,,,,,,,,,,,
,,,,"Camargo, Zoilo P",1,,,,,,,,,,,UNIVERSIDADE FEDERAL DE GOIAS,1,,,,,,,,,,,,,,,,,,
,,,,"Gomez, Benjamin",1,,,,,,,,,,,UNIVERSIDADE FEDERAL DE LAVRAS,1,,,,,,,,,,,,,,,,,,
,,,,"Govers, Francine",1,,,,,,,,,,,UNIVERSIDADE FEDERAL DE SANTA MARIA UFSM,1,,,,,,,,,,,,,,,,,,
,,,,"Hong, Yan",1,,,,,,,,,,,UNIVERSIDADE FEDERAL DE SAO PAULO UNIFESP,1,,,,,,,,,,,,,,,,,,
,,,,"Zanata, Thais Bastos",1,,,,,,,,,,,UNIVERSIDADE FEDERAL DE UBERLANDIA,1,,,,,,,,,,,,,,,,,,
,,,,"Duncan, Neil",1,,,,,,,,,,,UNIVERSIDADE FEDERAL DO ESPIRITO SANTO,1,,,,,,,,,,,,,,,,,,
,,,,"Leblois, Raphael",1,,,,,,,,,,,UNIVERSITE DE MONTPELLIER,1,,,,,,,,,,,,,,,,,,
,,,,"Daunt, Francis",1,,,,,,,,,,,UNIVERSITY HOHENHEIM,1,,,,,,,,,,,,,,,,,,
,,,,"Bernardi, Itiberê",1,,,,,,,,,,,UNIVERSITY OF ABERDEEN,1,,,,,,,,,,,,,,,,,,
,,,,"Heming, Neander",1,,,,,,,,,,,UNIVERSITY OF AGRICULTURAL SCIENCES BANGALORE,1,,,,,,,,,,,,,,,,,,
,,,,"Whitehead, Andrew",1,,,,,,,,,,,UNIVERSITY OF BAMAKO,1,,,,,,,,,,,,,,,,,,
,,,,"Neto, João Vasconcellos",1,,,,,,,,,,,UNIVERSITY OF BASQUE COUNTRY,1,,,,,,,,,,,,,,,,,,
